"conversation_id_str","created_at","favorite_count","full_text","id_str","image_url","in_reply_to_screen_name","lang","location","quote_count","reply_count","retweet_count","tweet_url","user_id_str","username"
"1795532862114132362","Tue May 28 19:09:28 +0000 2024","2444","Lewis Hamilton https://t.co/hAxZjI5SGC","1795532862114132362","https://pbs.twimg.com/media/GOsDnrWWoAAoHNa.jpg","","in","","3","15","184","https://x.com/Scuderiascoop/status/1795532862114132362","1703011776411934720","Scuderiascoop"
"1801010971185393670","Wed Jun 12 21:57:31 +0000 2024","8724","Sir Lewis Hamil8on https://t.co/kHCrwsr2Ny","1801010971185393670","https://pbs.twimg.com/media/GP55XHLWYAEjU0G.jpg","","cy","","27","50","359","https://x.com/Scuderiascoop/status/1801010971185393670","1703011776411934720","Scuderiascoop"
"1794279451943161982","Sat May 25 08:08:52 +0000 2024","792","Lewis x Ferrari ️ https://t.co/AUE1LEwr1h","1794279451943161982","https://pbs.twimg.com/media/GOaPpsMWAAAh2TW.jpg","","in","France","4","3","44","https://x.com/TristanHomy/status/1794279451943161982","1593898566698897408","TristanHomy"
"1795427346130075988","Tue May 28 12:10:11 +0000 2024","182","Felipe Massa Ferrari Lewis Hamilton McLaren Hungaroring 2008. Photo: Bertrand Guay. https://t.co/lcqqhuVRtS","1795427346130075988","https://pbs.twimg.com/media/GOqjp7XXwAEAkGl.jpg","","in","","0","0","15","https://x.com/NetoDemetriou/status/1795427346130075988","1054427352439144448","NetoDemetriou"
"1790346503560614154","Tue May 14 11:40:44 +0000 2024","17","Lewis Hamilton X Ferrari https://t.co/3AGLAp6xOr","1790346503560614154","https://pbs.twimg.com/ext_tw_video_thumb/1790346471901933568/pu/img/OFBYGCeeCN2lWsHH.jpg","","in","","0","1","2","https://x.com/efelewis4463/status/1790346503560614154","1652343700356308995","efelewis4463"
"1802663211462021234","Mon Jun 17 11:22:56 +0000 2024","254","hehe ferrari caps x sir lewis hamilton from bahrain 2019 ️‍ https://t.co/M88QfqtWFo","1802663211462021234","https://pbs.twimg.com/amplify_video_thumb/1802663131438583808/img/neg-boBilo5rFiOS.jpg","","in","","1","0","6","https://x.com/sim3744/status/1802663211462021234","1690312897480859648","sim3744"
"1798273615739424826","Wed Jun 05 08:40:14 +0000 2024","4274","Ducati 2025: Pecco Bagnaia - Marc Marquez. Ferrari 2025: Charles Leclerc - Lewis Hamilton. Tim merah terlalu menyala! https://t.co/2SWAIJA6F8","1798273615739424826","https://pbs.twimg.com/media/GPTAE5mbMAAXigB.jpg","","in","Indonesia","236","94","1107","https://x.com/ScherazadeMS/status/1798273615739424826","1285938375346675712","ScherazadeMS"
"1808161688501293343","Tue Jul 02 15:31:55 +0000 2024","48","Lewis Hamilton &amp; Tifosi ️🇮🇹 ️ Ig: pitspor https://t.co/dNOSZZj3X8","1808161688501293343","https://pbs.twimg.com/ext_tw_video_thumb/1808161627407372288/pu/img/tWxmcHj8un4a3eKS.jpg","","in","Maranello, Emilia Romagna","0","0","0","https://x.com/ferrarinewstr/status/1808161688501293343","1426484095366967296","ferrarinewstr"
"1783514508490682591","Thu Apr 25 15:12:49 +0000 2024","211","Newey x Ferrari x Lewis Hamilton in 2025 https://t.co/8lFkaP2M5n","1783514508490682591","https://pbs.twimg.com/media/GMBQ_fUWwAAD2Lq.jpg","","in","","0","3","14","https://x.com/f1amani/status/1783514508490682591","1535026771946524678","f1amani"
"1793568673464004861","Thu May 23 09:04:29 +0000 2024","103","Sir Lewis Hamilton https://t.co/SlEtDtmF1S","1793568673464004861","https://pbs.twimg.com/media/GOQJM4WWwAAzVEd.jpg","","cy","","0","1","2","https://x.com/Scuderiascoop/status/1793568673464004861","1703011776411934720","Scuderiascoop"
"1797667667060625653","Mon Jun 03 16:32:25 +0000 2024","3050","Coba bilang ke gue 5 tahun lalu kalau: - Lewis Hamilton pindah ke Ferrari - Marc Marquez pindah ke Ducati ⏳ Gue bakal bilang lu orang gila coy https://t.co/aly3WSc8wu","1797667667060625653","https://pbs.twimg.com/media/GPKZNfyaEAEnC7B.jpg","","in","Pernah di paddock","90","50","393","https://x.com/LambeResing/status/1797667667060625653","1268958732794261505","LambeResing"
"1791764692764914153","Sat May 18 09:36:06 +0000 2024","3","ferrari lewis is real https://t.co/S7bkfCAJFS","1791764692764914153","https://pbs.twimg.com/media/GN2gfKqWcAAhBSZ.jpg","","in","ita/eng","1","0","1","https://x.com/sharkleclerc/status/1791764692764914153","1264321157748137984","sharkleclerc"
"1778412440620773650","Thu Apr 11 13:19:01 +0000 2024","11","Lewis Hamilton Fernando Alonso McLaren; Felipe Massa Ferrari; Indianapolis 2007. #F1 #KeepFightingMichael #Formula1 #f1 🇺🇸 https://t.co/1fTpxDnICk","1778412440620773650","https://pbs.twimg.com/media/GK4wpkKXAAA8OMz.jpg","","in","Newport Pagnell ","0","3","0","https://x.com/CarManToday/status/1778412440620773650","1349151034195771393","CarManToday"
"1795037575981461596","Mon May 27 10:21:22 +0000 2024","1159"," Deretan keajaiban di F1 musim 2024: Lewis Hamilton ke Ferrari Adrian Newey cabut dari Red Bull Lando Norris menang Charles Leclerc akhiri kutukan di Monako Alpine dapat poin Selanjutnya? Hulkenberg podium? Hueheheheheee~ https://t.co/Iq7R56bWNY","1795037575981461596","https://pbs.twimg.com/media/GOlAbjlasAA1CS1.jpg","","in","Indonesia","24","54","90","https://x.com/f1speed_indo/status/1795037575981461596","1019746932833468416","f1speed_indo"
"1787742866988519454","Tue May 07 07:14:48 +0000 2024","4","Il pilota della Ferrari Lewis Hamilton al met gala https://t.co/0zYpmqTi9T","1787742866988519454","https://pbs.twimg.com/media/GM9WqVwXEAAH8JG.jpg","","in","Maranello, Emilia Romagna","0","0","1","https://x.com/LPavardinho/status/1787742866988519454","1575090532631592963","LPavardinho"
"1791151687563903364","Thu May 16 17:00:14 +0000 2024","10","Lewis Hamilton Ferrari boys https://t.co/5oJXjUhNXK","1791151687563903364","https://pbs.twimg.com/media/GNty906WAAAzdIG.jpg","","in","Rome, ITALY","0","0","1","https://x.com/_diana87/status/1791151687563903364","165051584","_diana87"
"1806692946042933688","Fri Jun 28 14:15:39 +0000 2024","1474"," Lelah ditanya soal provokasi rencana kepindahan Max Verstappen Christian Horner sindir balik Toto Wolff yang kehilangan Lewis Hamilton ke Ferrari. ️: Pembalap yang membuat semua pergerakan di bursa (transfer) memiliki semua info soal mesin dan regulasi 2026... dan dia https://t.co/f2fDHSOcZP","1806692946042933688","https://pbs.twimg.com/media/GRKo_xqWcAAnt0S.jpg","","in","Indonesia","104","55","124","https://x.com/f1speed_indo/status/1806692946042933688","1019746932833468416","f1speed_indo"
"1781693477195288707","Sat Apr 20 14:36:41 +0000 2024","15","semoga dengan masuknya Lewis Hamilton ke ferrari nanti merch ferrari jdi cakep kgk mid lagi (since he s a fashion icon fr) https://t.co/WEEwKyhPjS","1781693477195288707","https://pbs.twimg.com/media/GLnYxRBa8AE50kr.jpg","","in","20, Indonesia","0","1","2","https://x.com/starkozzz/status/1781693477195288707","1372458860561141760","starkozzz"
"1803835877732552716","Thu Jun 20 17:02:41 +0000 2024","2","Lewis Hamilton at Ferrari https://t.co/XdrM5S0WVn","1803835877732552716","https://pbs.twimg.com/media/GQiDKxlWMAA47SQ.jpg","","in","","0","0","0","https://x.com/YOULIKEMYPACE/status/1803835877732552716","1510329812950343683","YOULIKEMYPACE"
"1761799944275395029","Sun Feb 25 17:06:54 +0000 2024","1069","ferrari x lewis once again https://t.co/JaJG8HHtoJ","1761799944275395029","https://pbs.twimg.com/media/GHMrsRaWgAA7r3a.jpg","","in","44 16  |she/her|","1","0","43","https://x.com/44britcedes/status/1761799944275395029","1447934730826043402","44britcedes"
"1767483351907058128","Tue Mar 12 09:30:44 +0000 2024","199","Felipe Massa Ferrari Lewis Hamilton McLaren Hungaroring 2008. Photo: Bertrand Guay. https://t.co/UozUrylMYv","1767483351907058128","https://pbs.twimg.com/media/GIdcvcKWMAApg3x.jpg","","in","","1","4","15","https://x.com/NetoDemetriou/status/1767483351907058128","1054427352439144448","NetoDemetriou"
"1756673114556215380","Sun Feb 11 13:34:42 +0000 2024","16","Alasan mengapa Lewis Hamilton pindah ke Ferrari: https://t.co/uILu5p6ECT","1756673114556215380","https://pbs.twimg.com/ext_tw_video_thumb/1756569196144840704/pu/img/QDRoWxMrUL3YPDTA.jpg","","in","","0","4","2","https://x.com/MiskinTV_/status/1756673114556215380","1437750326707191812","MiskinTV_"
"1766534775786144135","Sat Mar 09 18:41:25 +0000 2024","2249","- Minim persiapan - Baru join pas FP3 - Debut langsung di Ferrari - Berhasil meraih poin di debutnya - Mengamankan P7 dari kejaran Lando Norris dan Lewis Hamilton Apresiasi untuk Ollie Bearman yang menampilkan performa impresif di debutnya hari ini Jagoan kalian mana bisa https://t.co/3EgBLCgoog","1766534775786144135","https://pbs.twimg.com/media/GIP-BEbb0AAzM6R.jpg","","in","Pernah di paddock","76","33","322","https://x.com/LambeResing/status/1766534775786144135","1268958732794261505","LambeResing"
"1777025019237052472","Sun Apr 07 17:25:54 +0000 2024","673","Lewis Hamilton dikabarkan walk-out dari sesi media #JapaneseGP setelah mendapat pertanyaan terkait Ferrari! Di sesi itu Lewis ditanyai apakah ia iri dengan performa mobil Ferrari di Suzuka barusan secara ia bakal pindah ke sana musim depan. Lu punya pertanyaan yang lebih https://t.co/TlBsUYujJ7","1777025019237052472","https://pbs.twimg.com/media/GKlC1Qqb0AEvurB.jpg","","in","Pernah di paddock","20","24","32","https://x.com/LambeResing/status/1777025019237052472","1268958732794261505","LambeResing"
"1757072005634101662","Mon Feb 12 15:59:45 +0000 2024","67"," ALEX ALBON'S APPENDIX yada yada yada.....AND NOW LEWIS HAMILTON IS MOVING TO FERRARI https://t.co/QlPEFDL0YE","1757072005634101662","https://pbs.twimg.com/media/GGJfpKQbEAAXgIt.jpg","","in","81  44  1 ","0","0","7","https://x.com/lestapiastri/status/1757072005634101662","1633321764729278464","lestapiastri"
"1774063735377744049","Sat Mar 30 13:18:49 +0000 2024","67","Seb on Lewis Ferrari move https://t.co/GURKAkV0K2","1774063735377744049","https://pbs.twimg.com/media/GJ69j_pXwAEEspY.jpg","","in","","1","0","7","https://x.com/petaitoksf1/status/1774063735377744049","1465123928452517893","petaitoksf1"
"1771771253306597742","Sun Mar 24 05:29:19 +0000 2024","13","Lewis Hamilton Ferrari 2025 https://t.co/pcawgiEbju","1771771253306597742","https://pbs.twimg.com/media/GJaYkKkXEAAOSOA.jpg","","in","LH44","0","1","0","https://x.com/d_brave28/status/1771771253306597742","1412183479312433157","d_brave28"
"1762436591916835003","Tue Feb 27 11:16:42 +0000 2024","209","Dalam interview dengan La Gazzetta dello Sport Ivan Capelli bilang kalau Toto Wolff adalah orang yang membocorkan info Lewis Hamilton akan bergabung dengan Ferrari! Bjir pantesan kemarin langsung secepat itu infonya ternyata info A1 langsung dari Toto https://t.co/p6WbKPNhFb","1762436591916835003","https://pbs.twimg.com/media/GHVuvW_bUAAyC42.jpg","","in","Pernah di paddock","10","5","24","https://x.com/LambeResing/status/1762436591916835003","1268958732794261505","LambeResing"
"1771758696244076625","Sun Mar 24 04:39:25 +0000 2024","80","FERRARI EM P1 = LEWIS HAMILTON EM P1 https://t.co/t9WLUDj9Vg","1771758696244076625","https://pbs.twimg.com/ext_tw_video_thumb/1753393729283506176/pu/img/3I62OFTXqjKcM0PX.jpg","","in","cec y fcb","1","0","16","https://x.com/HAMlL7ON/status/1771758696244076625","1183902291558055938","HAMlL7ON"
"1767401676577837148","Tue Mar 12 04:06:11 +0000 2024","24","Team Principal Mercedes Toto Wolff mengatakan bahwa ia sangat terbuka untuk Verstappen menggantikan Lewis Hamilton yang akan berpindah ke Ferrari pada musim depan. https://t.co/nHj1ahPRIZ","1767401676577837148","https://pbs.twimg.com/media/GIcScv9aQAAFbHO.jpg","","in","","0","3","2","https://x.com/BTGrandprix/status/1767401676577837148","1555103543152889856","BTGrandprix"
"1774763481750794382","Mon Apr 01 11:39:22 +0000 2024","0","lewis to ferrari https://t.co/6zSI1SvUhM","1774763481750794382","https://pbs.twimg.com/media/GKE5-oHa0AAALMb.jpg","","in","down under | august is ml 🫶🏼","0","0","0","https://x.com/poisonedpiastri/status/1774763481750794382","1740170958370111488","poisonedpiastri"
"1765439199208169620","Wed Mar 06 18:08:00 +0000 2024","561","Lewis Hamilton tentang rumor Max Verstappen ke Mercedes: Kepindahan saya ke Ferrari membuktikan segalanya bisa terjadi saya yakin Max ada di dalam daftar Mercedes. Namun saya tidak mengerti mengapa dia meninggalkan mobil sebagus itu (jika ia pindah dari Red Bull). https://t.co/mJcvNrq6uu","1765439199208169620","https://pbs.twimg.com/media/GIAZl16bAAE5WRG.jpg","","in","","36","16","38","https://x.com/TheGrid_ID/status/1765439199208169620","1496457406527664128","TheGrid_ID"
"1767513811618271575","Tue Mar 12 11:31:46 +0000 2024","162","Dalam dua race pertama Lewis Hamilton hanya mampu meraup 8 poin. Jumlah tersebut adalah jumlah poin terendah yang ia dapat dari dua balapan pertama sejak aturan poin untuk top 10 berlaku di 2010. Keputusan yang tepat kah buat kabur ke Ferrari di musim depan? https://t.co/GhckLY8AvX","1767513811618271575","https://pbs.twimg.com/media/GId4b9WbAAAfJMq.jpg","","in","Pernah di paddock","1","7","3","https://x.com/LambeResing/status/1767513811618271575","1268958732794261505","LambeResing"
"1766085691157385671","Fri Mar 08 12:56:55 +0000 2024","1","2025 LEWIS FERRARI WDC WCC TRUST https://t.co/7koz1p19Lt","1766085691157385671","https://pbs.twimg.com/media/GIJlknVXkAAYSrE.jpg","","in","they/he 21 free 🇵🇸","0","0","0","https://x.com/VARMILT0N/status/1766085691157385671","1253293741592412162","VARMILT0N"
"1754166390779478479","Sun Feb 04 15:33:53 +0000 2024","19"," Lewis Hamilton x Ferrari ! ️ https://t.co/NwuJFFoo7l","1754166390779478479","https://pbs.twimg.com/media/GFgNAz5W0AAfHnQ.jpg","","in","Formule 1","1","0","2","https://x.com/InTheRaceF1/status/1754166390779478479","1523707359486427136","InTheRaceF1"
"1761395159453802921","Sat Feb 24 14:18:25 +0000 2024","0","#Sebastian #Vettel'in #Kardeşi #Fabian: Lewis-Ferrari #Ikilisi #Birbirine #Uymuyor -&gt; https://t.co/lhFOWU5K4a #F1 #F1izle #Formel1 #Formula1 #Haber #Lewisferrari #Motorsporları #Motorsports #News #Online #WatchF1 #TRmotosports https://t.co/DuixKvA9GI","1761395159453802921","https://pbs.twimg.com/media/GHG7kCTWkAECNTf.jpg","","in","İstanbul, Türkiye","0","0","0","https://x.com/TRmotosports/status/1761395159453802921","3298415044","TRmotosports"
"1772229389503115764","Mon Mar 25 11:49:47 +0000 2024","36","efwan! Apa yang membuat terkejut di Australian GP? - Max &amp; Lewis DNF - Ferrari double podium - Yuki Tsunoda poin - George Russell DNF di last lap Me: of course Ferrari double podium https://t.co/dUOZ5G0hMD","1772229389503115764","https://pbs.twimg.com/media/GJg5PIjbYAAirAJ.jpg","","in","manual not autobot","3","16","1","https://x.com/f1fess/status/1772229389503115764","1524088243247267840","f1fess"
"1776985241120301552","Sun Apr 07 14:47:50 +0000 2024","0","Lewis in Ferrari Lewis in Mercedes https://t.co/3z2OHkvfGn","1776985241120301552","https://pbs.twimg.com/media/GKkeojaWAAAH0OC.jpg","","in"," she/her 18 🇪🇸","0","0","0","https://x.com/pe_es_01/status/1776985241120301552","1582840892200714240","pe_es_01"
"1759213163663564802","Sun Feb 18 13:47:57 +0000 2024","4","ternyata dari dua jam lalu tapi guenya aja baru liat bjir okeh bretvici terindentifikasi biasnya om lewis dan ferrari tp tlonk season ini juga nonton ommm get a paddock club in monacooo @.bretvici https://t.co/yVZu6QClPZ","1759213163663564802","https://pbs.twimg.com/media/GGn7DIya4AAZGCO.jpg","","in","click the link for the archive","0","1","0","https://x.com/fleurdpine/status/1759213163663564802","1517442595840212992","fleurdpine"
"1753443003220291703","Fri Feb 02 15:39:24 +0000 2024","664","lewis x ferrari. https://t.co/K9sSRifHFJ","1753443003220291703","https://pbs.twimg.com/media/GFV7Hl1XsAE3yA0.jpg","","in","","3","6","20","https://x.com/HamiltonTurk/status/1753443003220291703","1048483675174817792","HamiltonTurk"
"1753545190080389528","Fri Feb 02 22:25:27 +0000 2024","1404"," Lewis Hamilton kabarnya akan membawa beberapa engineer dari Mercedes untuk ikut diboyong ke Maranello. Kemungkinan itu juga termasuk race engineer-nya Peter Bono Bonnington ke Ferrari. Bono sendiri menurut pengakuan Toto Wolff sempat tak percaya jika Hamilton akan pindah: https://t.co/mI9p98cSEu","1753545190080389528","https://pbs.twimg.com/media/GFXWmK5bQAA-tW1.jpg","","in","Indonesia","102","54","127","https://x.com/f1speed_indo/status/1753545190080389528","1019746932833468416","f1speed_indo"
"1753780861844042165","Sat Feb 03 14:01:55 +0000 2024","1306"," Lewis Hamilton akhirnya angkat bicara soal kepindahanya ke Ferrari: ️: Setelah mencapai banyak hal bersama Mercedes yang hanya bisa saya impikan waktu kecil sekarang saya punya kesempatan untuk mewujudkan impian masa kecil saya yang lain. Membalap di Ferrari... https://t.co/jtnTaYYOCw","1753780861844042165","https://pbs.twimg.com/media/GFatzNfWUAA8rf4.png","","in","Indonesia","73","60","128","https://x.com/f1speed_indo/status/1753780861844042165","1019746932833468416","f1speed_indo"
"1753400770433815006","Fri Feb 02 12:51:34 +0000 2024","382"," | Lewis Hamilton akan mendapatkan $100 juta per tahun dari Ferrari! Rincian pendapatan ini sudah termasuk gaji sponsor hak cipta bonus dan lainnya. Ini membuatnya jadi salah satu pembalap dengan bayaran tertinggi dalam sejarah Scuderia Ferrari [per @GiulyDuchessa] https://t.co/2ukal62Dsv","1753400770433815006","https://pbs.twimg.com/media/GFVUj2KaIAAt_Al.jpg","","in","Pernah di paddock","27","17","28","https://x.com/LambeResing/status/1753400770433815006","1268958732794261505","LambeResing"
"1753369785969062017","Fri Feb 02 10:48:27 +0000 2024","25"," Lewis Hamilton Ferrari'de senelik 100 milyon pound kazanacak. (THE SUN) https://t.co/EmIKY6av9X","1753369785969062017","https://pbs.twimg.com/media/GFU4hzkWIAARKp7.jpg","","in","Maranello, Emilia Romagna","0","0","0","https://x.com/ferrarinewstr/status/1753369785969062017","1426484095366967296","ferrarinewstr"
"1753409404224106954","Fri Feb 02 13:25:53 +0000 2024","169","LEWIS HAMILTON JOINS FERRARI https://t.co/CLzhph0hOq","1753409404224106954","https://pbs.twimg.com/media/GFVcjhMWAAAUdWl.jpg","","in","Kazune Maricón ","2","12","19","https://x.com/Orteguez__/status/1753409404224106954","1544330372955217921","Orteguez__"
"1753429113690563062","Fri Feb 02 14:44:12 +0000 2024","832"," | Kontrak Ferrari dengan Lewis Hamilton ternyata juga menjamin masa depannya setelah pensiun! Lewis ternyata kecewa dengan Mercedes yang menolak proposalnya untuk menjadi ambassador hingga 2035! Ferrari awalnya telah memberikan proposal pada tahun 2023 sebesar €92 juta https://t.co/QgN8oiwZV6","1753429113690563062","https://pbs.twimg.com/media/GFVt2OgbgAASfB0.jpg","","in","Pernah di paddock","57","32","78","https://x.com/LambeResing/status/1753429113690563062","1268958732794261505","LambeResing"
"1754108257730514997","Sun Feb 04 11:42:53 +0000 2024","168","Bisa dibilang dengan kepindahan Lewis Hamiton ke Ferrari musim depan bakal bikin pusing Toto Wolff karena kemungkinan besar Lewis akan memborong banyak orang-orang Mercedes kesana. Hal tersebut menjadi eksodus besar-besaran dalam tubuh Mercedes yang ke dua kalinya dalam https://t.co/YWR2T3PZuv","1754108257730514997","https://pbs.twimg.com/media/GFfW3TQa8AEYGPh.jpg","","in","Pernah di paddock","2","6","16","https://x.com/LambeResing/status/1754108257730514997","1268958732794261505","LambeResing"
"1753458140509868509","Fri Feb 02 16:39:33 +0000 2024","141"," | Toto Wolff tak kaget dengan keputusan Lewis Hamilton untuk pindah ke Ferrari tahun 2025! Ini dikarenakan perpanjangan kontrak Lewis pada awalnya memang bersifat short-term. Saya sih udah denger rumornya beberapa hari sebelumnya tapi saya mau nunggu sampai sarapan bareng https://t.co/0fcB5Ym2xa","1753458140509868509","https://pbs.twimg.com/media/GFWIgmhaUAALA96.jpg","","in","Pernah di paddock","5","8","7","https://x.com/LambeResing/status/1753458140509868509","1268958732794261505","LambeResing"
"1754003781036196259","Sun Feb 04 04:47:43 +0000 2024","8","Sebuah berita menggegerkan jagat motorsport setelah Ferrari mengumumkan Lewis Hamilton sebagai pembalap mereka untuk tahun 2025 sekaligus menjadikan 2024 sebagai musim terakhir bersama Mercedes. https://t.co/XjKlfBwbjY https://t.co/83g7MXKRKQ","1754003781036196259","https://pbs.twimg.com/media/GFd5JH1aAAAQ_Nq.jpg","","in","Di Manapun ","0","1","0","https://x.com/GarisBalap/status/1754003781036196259","1253603788197249026","GarisBalap"
"1753602454682325270","Sat Feb 03 02:13:00 +0000 2024","1","lewis hamilton (ferrari s version) https://t.co/Oe7d06sxJC","1753602454682325270","https://pbs.twimg.com/media/GFYMH05WYAAVZkn.jpg","","in","she/her - 21","0","0","0","https://x.com/d4nielrics/status/1753602454682325270","2737525781","d4nielrics"
"1753409539704074253","Fri Feb 02 13:26:25 +0000 2024","1117","#MICHEZO Unaambiwa Bingwa mara 7 wa Dunia wa Langa langa (F1) Lewis Hamilton atajiunga na timu ya magari ya Ferrari mwaka 2025 akitokea timu ya Mercedes Benz. Mkataba aliosaini Hamilton wa kujiunga na timu ya Ferrari una thamani ya Pauni Milioni 40 kwa mwaka kama mshahara wake https://t.co/6huS4frOhd","1753409539704074253","https://pbs.twimg.com/media/GFVcrV5W8AAp2pp.jpg","","in","Dar es salaam, Tanzania","7","47","28","https://x.com/eastafricatv/status/1753409539704074253","169557169","eastafricatv"
"1753572721659613471","Sat Feb 03 00:14:51 +0000 2024","911"," Gaji Fantastis Hamilton di Ferrari: Rp 1 5 TRILIUN PER TAHUN! Demi membajak Lewis Hamilton dari Mercedes John Elkann kabarnya akan menggaji sang pembalap bintang itu dengan nominal mencapai $100 juta dollar atau 1 5 triliun rupiah. Otomatis itu akan menjadikan Hamilton https://t.co/axsYoZL0U9","1753572721659613471","https://pbs.twimg.com/media/GFXs_y-bkAALPqx.jpg","","in","Indonesia","81","53","90","https://x.com/f1speed_indo/status/1753572721659613471","1019746932833468416","f1speed_indo"
"1753442602425209203","Fri Feb 02 15:37:48 +0000 2024","16","#FERRARI: hello lewis :) https://t.co/sUxbu2EjHh","1753442602425209203","https://pbs.twimg.com/ext_tw_video_thumb/1753442428843941888/pu/img/gPzkIdZBnAK-JuJP.jpg","","in","23, njd / 4 23 81 22","1","6","8","https://x.com/hischiers/status/1753442602425209203","999482456398073856","hischiers"
"1753370174844010836","Fri Feb 02 10:50:00 +0000 2024","69","Lewis Hamilton atajiunga na timu ya magari ya Ferrari mwaka 2025 akitokea timu ya Mercedes Benz. Pande zote mbili Hamilton na Ferarri wamethibitisha. Hamilton atalipwa mshahara wa pauni Milion 40 kwa mwaka zaidi ya bilioni 129 na milioni 734 kwa pesa ya Tz. Hello Good Morning https://t.co/FkHufLLjRB","1753370174844010836","https://pbs.twimg.com/media/GFU43-9XsAAmYeG.jpg","","in","","0","4","4","https://x.com/ibrakasuga/status/1753370174844010836","2724482539","ibrakasuga"
"1753338413174997258","Fri Feb 02 08:43:47 +0000 2024","74"," Lewis Hamilton Ferrari'den senelik 100 milyon pound kazanacak. (The Sun) https://t.co/Ii2q6QrfE6","1753338413174997258","https://pbs.twimg.com/media/GFUaEEtXEAAuxAl.jpg","","in","Türkiye","2","1","0","https://x.com/FormulaTurkiye/status/1753338413174997258","4823471819","FormulaTurkiye"
"1753356026240262375","Fri Feb 02 09:53:47 +0000 2024","1","Lewis Hamilton ️ Ferrari 2025! ️ #F1 #CarlosSainz #LewisHamilton #CharlesLeclerc https://t.co/mfugZnD5uz","1753356026240262375","https://pbs.twimg.com/media/GFUr4UvW0AAe7V2.jpg","","in","","0","0","0","https://x.com/MagicStudio/status/1753356026240262375","1220598377060003841","MagicStudio"
"1753793310056194183","Sat Feb 03 14:51:23 +0000 2024","91","lewis to ferrari 2025: https://t.co/aNOtl8TnvM","1753793310056194183","https://pbs.twimg.com/media/GFa5PeLaoAAS86X.png","","in","3 admins","0","0","17","https://x.com/f1butfilo/status/1753793310056194183","1551152101786472448","f1butfilo"
"1753600468323086819","Sat Feb 03 02:05:06 +0000 2024","2","Scuderia Ferrari akhirnya meresmikan Lewis Hamilton sebagai pembalap anyarnya Jumat (2/2). Namun pembalap yang diboyong dari Mercedes itu baru akan bergabung pada 2025 mendatang. #IDNTimesSport https://t.co/tEnt100gGV https://t.co/d5DTovkeA2","1753600468323086819","https://pbs.twimg.com/media/GFYKVRyacAA3VTD.jpg","","in","","0","0","1","https://x.com/IDNTimesSport/status/1753600468323086819","1616278024907034625","IDNTimesSport"
"1753415989528596734","Fri Feb 02 13:52:03 +0000 2024","30","#F1 Lewis Hamilton azajya ahembwa miliyoni 100 $ kumwaka mu ikipe ye nshya ya Scuderia Ferrari 🇮🇹 bimugire umukinnyi wa mbere uhembwa akayabo mumateka ya F1 Chairman wa Ferrari John Elkann yiyemeje no kuzajya atanga ibindi bifaranga akavagari muri Charity Organisations https://t.co/GU8IRveVO3","1753415989528596734","https://pbs.twimg.com/media/GFViivzXYAEtExZ.jpg","","in","Kinigi,The finest of this land","0","0","2","https://x.com/ogalorenzo/status/1753415989528596734","1108711093038444544","ogalorenzo"
"1753243006474588619","Fri Feb 02 02:24:41 +0000 2024","232","Punya dua LaFerrari emang kurang cukup sih makanya Lewis Hamilton pindah ke Ferrari biar puas nyetir Ferrari yang sebenarnya https://t.co/N35a1ZLY7U","1753243006474588619","https://pbs.twimg.com/media/GFTFN9zaYAAV2-p.jpg","","in","Pernah di paddock","3","2","19","https://x.com/LambeResing/status/1753243006474588619","1268958732794261505","LambeResing"
"1753220633620828491","Fri Feb 02 00:55:46 +0000 2024","1902","Gegap gempita kedatangan Lewis Hamilton ke Maranello sayangnya harus mengorbankan Carlos Sainz. Raihan kemenangan pemutus rentetan Red Bull di Singapura tahun lalu seperti tak ada harganya. Diamnya Ferrari dalam negosiasi bukan karena perundingannya rumit: tapi karena Ferrari https://t.co/Srb24gZB0e","1753220633620828491","https://pbs.twimg.com/media/GFSvv1EaQAA5TfH.jpg","","in","Indonesia","122","106","211","https://x.com/f1speed_indo/status/1753220633620828491","1019746932833468416","f1speed_indo"
"1753196482910728541","Thu Feb 01 23:19:48 +0000 2024","122","Loh ternyata ada yang nyamain berita Lewis Hamilton ke Ferrari sama Piastri ke Alpine. Padahal beneran kejadian loh https://t.co/91M1AlE8AW","1753196482910728541","https://pbs.twimg.com/media/GFSa6QqbIAAaPvL.jpg","","in","Pernah di paddock","0","3","5","https://x.com/LambeResing/status/1753196482910728541","1268958732794261505","LambeResing"
"1753191335350386972","Thu Feb 01 22:59:21 +0000 2024","278","Cuma ngingetin kalo rumor Lewis Hamilton ke Ferrari ternyata jauh lebih dulu menjadi realita ketimbang rumor Wesley Sneijder ke Manchester United. https://t.co/bW1XV8m75t","1753191335350386972","https://pbs.twimg.com/media/GFSWLd0bIAAE4su.png","","in","Pernah di paddock","5","8","24","https://x.com/LambeResing/status/1753191335350386972","1268958732794261505","LambeResing"
"1753186827987816477","Thu Feb 01 22:41:27 +0000 2024","1120","Walaupun Hamilton dan Ferrari sudah kontakan jauh-jauh hari membahas kontrak kepindahannya ternyata Toto Wolff baru mengetahui hal tersebut kemarin dari Lewis Hamilton sendiri. WOWKWOWKOWKWK AZAB JADI SALAH SATU PROVOKATOR BUAT MENOLAK ANDRETTI https://t.co/UesbnhstsN","1753186827987816477","https://pbs.twimg.com/media/GFSSIPjaAAAvm8_.jpg","","in","Pernah di paddock","36","40","169","https://x.com/LambeResing/status/1753186827987816477","1268958732794261505","LambeResing"
"1753159474376818953","Thu Feb 01 20:52:45 +0000 2024","15","Lewis Hamilton kaona isiwe tabu. Anajiunga na Ferrari #FormulaOne #Formula1 https://t.co/MtfU5VPLKe","1753159474376818953","https://pbs.twimg.com/media/GFR5QCSXAAAMupf.jpg","","in","North Tonawanda, NY","0","2","0","https://x.com/msangijeff/status/1753159474376818953","20542290","msangijeff"
"1753139655308882162","Thu Feb 01 19:34:00 +0000 2024","18","Gostaram de Lewis Hamilton na Ferrari? https://t.co/xtfpGyyv4z","1753139655308882162","https://pbs.twimg.com/media/GFRixSbW4AEycYO.jpg","","in","","0","4","0","https://x.com/BetPix365of/status/1753139655308882162","1698805624388169731","BetPix365of"
"1753209912656802080","Fri Feb 02 00:13:10 +0000 2024","2154"," RESMI: Lewis Hamilton akan bergabung bersama Ferrari per tahun 2025 menandatangani kontrak beberapa tahun. Hamilton mengakhiri 12 tahun karirnya bersama Mercedes pada tahun ini. #TransferExtraTime https://t.co/Bs4DSvkTv0","1753209912656802080","https://pbs.twimg.com/media/GFSnHwqawAAv-Bm.jpg","","in","","65","114","156","https://x.com/idextratime/status/1753209912656802080","1222927522033094656","idextratime"
"1753321354856919270","Fri Feb 02 07:36:00 +0000 2024","840","Satu pertanyaan besar mengenai hebohnya mega-transfer Lewis Hamilton ke Ferrari: apa yang terjadi dengan hubungan Hamilton bersama Mercedes? Padahal baru sekitar lima bulan dia memperpanjang kontraknya di sana dan secepat itu Hamilton mengaktifkan klausul exit bahkan sebelum https://t.co/Y49fsifheZ","1753321354856919270","https://pbs.twimg.com/media/GFUHPl_bsAAbwbi.jpg","","in","Indonesia","13","23","107","https://x.com/f1speed_indo/status/1753321354856919270","1019746932833468416","f1speed_indo"
"1753199530190016977","Thu Feb 01 23:31:55 +0000 2024","1166"," Saga Mega-Transfer Lewis Hamilton ke Ferrari: ▶️ Negosiasi kontrak sudah dimulai sejak 3 pekan yang lalu. Diinisiasi oleh Presiden Ferrari John Elkann yang turun langsung ke meja perundingan. ▶️ Kontrak Hamilton di Mercedes hanya sampai 2024 dengan opsi perpanjang 1 tahun. https://t.co/BHC4KWtAeM","1753199530190016977","https://pbs.twimg.com/media/GFScWyzaYAA7oas.jpg","","in","Indonesia","73","66","147","https://x.com/f1speed_indo/status/1753199530190016977","1019746932833468416","f1speed_indo"
"1753178313659715597","Thu Feb 01 22:07:37 +0000 2024","30"," HERE WE GO LEWIS IN FERRARI! Setelah huru-hara di hari kemarin tentang naiknya rumor kepindahan Lewis Hamilton ke Ferrari kini rumor itu menjadi kenyataan. Hamilton resmi pindah ke Ferrari mulai musim 2025 mendatang dan telah menandatangani kontrak multi year. https://t.co/HdZopytMaC","1753178313659715597","https://pbs.twimg.com/media/GFSKYpjaYAAdl4n.jpg","","in","Spa Franchochamps","0","1","5","https://x.com/SembalapID/status/1753178313659715597","1494840292998287361","SembalapID"
"1753210433354281424","Fri Feb 02 00:15:15 +0000 2024","3","lewis hamilton at ferrari https://t.co/wBZAFyp67s","1753210433354281424","https://pbs.twimg.com/media/GFSnk0tXoAAc45r.jpg","","in","","0","3","0","https://x.com/blashdril/status/1753210433354281424","1512985857480970243","blashdril"
"1753290458938450379","Fri Feb 02 05:33:14 +0000 2024","6","Rekap huru hara gaongaoff sports - Lewis resmi ke Ferrari di 2025 - MU menang atas Wolves 4-3 - Al Nassr menang atas Inter Miami 6-0 - Shayne Pattynama ke KAS Eupen - Elkan Baggott ke Bristol Rovers - Roaster timnas Korea untuk MLB tour (against Dodgers Padres) announced https://t.co/WwIa7zDKhD","1753290458938450379","https://pbs.twimg.com/media/GFTwX77bUAAEXTn.jpg","","in","","0","5","0","https://x.com/gaongaoff/status/1753290458938450379","1366697772917792768","gaongaoff"
"1753240980965540310","Fri Feb 02 02:16:38 +0000 2024","0","Asli kah Lewis gabung Ferrari https://t.co/YiMoKr8RdW","1753240980965540310","https://pbs.twimg.com/media/GFTDYVbbkAANLHO.jpg","","in","","0","0","0","https://x.com/fzasekai/status/1753240980965540310","1712986164280668160","fzasekai"
"1753241686946505157","Fri Feb 02 02:19:26 +0000 2024","13","belum juga sempet komen soal Andretti udah ada kabar Hamilton aja. Terlepas dr pro-kontra Lewis ke Ferrari gua justru nangkep begini: Mercedes ga akan bisa bersaing unt WDC/WCC di 2025. Jujur aja Ferrari bkn pilihan aman unt org yg punya ambisi megang rekor dunia ... https://t.co/yWJTatC1oA","1753241686946505157","https://pbs.twimg.com/media/GFTDW7ZaAAAwK0Z.png","","in","","0","2","2","https://x.com/IdMclaren/status/1753241686946505157","1279210786380894208","IdMclaren"
"1753188503469666810","Thu Feb 01 22:48:06 +0000 2024","79","Perpindahan paling mengejut berlaku pada Transfer Deadline Day hadir menerusi sukan luar bola sepak! Juara dunia Formula One tujuh kali Lewis Hamilton sah menyertai Scuderia Ferrari untuk musim 2025! #DeadlineDay https://t.co/XeXbnV7pOY","1753188503469666810","https://pbs.twimg.com/media/GFSTpPQaMAALRF3.jpg","","in","Malaysia","1","4","27","https://x.com/mysemuanyabola/status/1753188503469666810","768759515797794816","mysemuanyabola"
"1753289672543928817","Fri Feb 02 05:30:07 +0000 2024","172","Lewis Hamilton: Dereva wa Mercedes kujiunga na Ferrari mnamo 2025 kwa mkataba wa miaka mingi https://t.co/E8aNv0EXcL https://t.co/GD6fPJLDeB","1753289672543928817","https://pbs.twimg.com/media/GFTvqo6W4AATp-8.jpg","","in","London","0","3","3","https://x.com/bbcswahili/status/1753289672543928817","18186609","bbcswahili"
"1753200373618315553","Thu Feb 01 23:35:16 +0000 2024","37","Lewis Hamilton ke Ferrari kalau di sepakbola kisahnya yang mirip seperti dia siapa ya? Menyeberang ke rival. https://t.co/Y2v23eNi5J","1753200373618315553","https://pbs.twimg.com/media/GFSechhbUAAYG0N.jpg","","in","Sleman, DIY","1","29","7","https://x.com/FandomID_/status/1753200373618315553","1175357460468490251","FandomID_"
"1753206854673436749","Fri Feb 02 00:01:01 +0000 2024","11","Juara dunia tujuh kali Formula Satu (F1) Lewis Hamilton sah meninggalkan Mercedes utk menyertai Ferrari pada musim 2025 Beliau merupakan pemandu paling berjaya dalam sejarah F1 dengan 103 kemenangan dan 104 petak pertama. Beliau bakal menggantikan pemandu Sepanyol Carlos Sainz https://t.co/cZPuHLUijL","1753206854673436749","https://pbs.twimg.com/media/GFSkVbrXQAAGkM-.jpg","","in","Kuala Lumpur","0","0","8","https://x.com/EkonomiRakyatMY/status/1753206854673436749","1213807317419880450","EkonomiRakyatMY"
"1753277587361792146","Fri Feb 02 04:42:05 +0000 2024","0","Lewis Hamilton resmi mengumumkan akan tinggalkan Mercedes pada pengujung 2024 dan gabung Ferrari pada musim 2025 mendatang ️ Sudah gak sabar buat liat duet Leclerc x Hamilton musim depan? #beINF1 https://t.co/jBk4p1tlzg","1753277587361792146","https://pbs.twimg.com/media/GFTkjFXbUAABtDc.jpg","","in","","0","1","1","https://x.com/beINSPORTSid/status/1753277587361792146","1501547120","beINSPORTSid"
"1753046779397046316","Thu Feb 01 13:24:56 +0000 2024","897","Apakah Lewis Hamilton juga ikut memboyong race engineernya di Mercedes Peter Bono Bonnington ke Ferrari? Ya kali disuruh handle race engineer dari Ferrari yang kadang agak lemot Asal bukan Xavi.... https://t.co/xZCJcwWUvs","1753046779397046316","https://pbs.twimg.com/media/GFQSHn6aoAABGtX.jpg","","in","Indonesia","25","41","64","https://x.com/f1speed_indo/status/1753046779397046316","1019746932833468416","f1speed_indo"
"1753010122467496013","Thu Feb 01 10:59:17 +0000 2024","1005","Lewis Hamilton","1753010122467496013","","","in","Maranello - Itália","42","38","59","https://x.com/PortalFerrariBR/status/1753010122467496013","1337923276685905920","PortalFerrariBR"
"1753065403591643286","Thu Feb 01 14:38:57 +0000 2024","1","LEWIS HAMILTON na FERRARI em 2025 ️ https://t.co/woSy9pga9K","1753065403591643286","https://pbs.twimg.com/media/GFQjsB4XQAAluMq.jpg","","in","São Paulo, Brasil","0","0","1","https://x.com/mathsantarello/status/1753065403591643286","756684760978718721","mathsantarello"
"1753033862001910186","Thu Feb 01 12:33:37 +0000 2024","875","ULTIM'ORA: LEWIS HAMILTON IN FERRARI NEL 2025 https://t.co/MknJPzOv6O #SkyMotori #F1 #Formula1 #Ferrari #LewisHamilton https://t.co/f2bHvqdCpo","1753033862001910186","https://pbs.twimg.com/media/GFQCYSEWEAAfcaE.jpg","","in","","54","44","108","https://x.com/SkySportF1/status/1753033862001910186","1057621820","SkySportF1"
"1753042970167660623","Thu Feb 01 13:09:48 +0000 2024","0","lewis to ferrari??????????? https://t.co/6IoXGBFmLw","1753042970167660623","https://pbs.twimg.com/ext_tw_video_thumb/1753042957093994496/pu/img/GU13BRfKQ2W4Mm00.jpg","","in","she/her  •20•","0","0","0","https://x.com/loststroll/status/1753042970167660623","1309220986944925699","loststroll"
"1753053852624941201","Thu Feb 01 13:53:03 +0000 2024","431","FELIPE MASSA DAN LEWIS HAMILTON PAYLAŞIMI! ️ Lewis Hamilton 2025 te Ferrari de! Harika https://t.co/BLkqYYGe6Q","1753053852624941201","https://pbs.twimg.com/media/GFQZLyfXcAArT4I.jpg","","in","Türkiye","6","14","7","https://x.com/F1tutkumuz/status/1753053852624941201","907903657101991936","F1tutkumuz"
"1753031936745017723","Thu Feb 01 12:25:58 +0000 2024","6","Lewis Hamilton pindah ke Ferrari kah? https://t.co/J7TzXdCkMr","1753031936745017723","https://pbs.twimg.com/media/GFQFQZ6bgAAKe45.jpg","","in","","0","1","0","https://x.com/gilabola_ina/status/1753031936745017723","1170153265444442113","gilabola_ina"
"1753067255678820465","Thu Feb 01 14:46:18 +0000 2024","5","lewis to ferrari?? https://t.co/BijBd021HE","1753067255678820465","https://pbs.twimg.com/ext_tw_video_thumb/1674259373479317505/pu/img/6ELFpkUYfvGyXpvs.jpg","","in","she | 44 16 81 F1A28","0","0","0","https://x.com/percyxalmightyy/status/1753067255678820465","1077722137","percyxalmightyy"
"1753041331960627444","Thu Feb 01 13:03:18 +0000 2024","8","Lewis Hamilton na Ferrari??? https://t.co/u8ckQixdPS","1753041331960627444","https://pbs.twimg.com/media/GFQNzPsWsAActAY.jpg","","in","Brasília, Distrito Federal","0","2","0","https://x.com/Negzus1/status/1753041331960627444","706059230","Negzus1"
"1753032274118148192","Thu Feb 01 12:27:18 +0000 2024","44","Lewis Hamilton di Ferrari ketika dikasih ban inter pas trek kering: https://t.co/fcyvSvwPma","1753032274118148192","https://pbs.twimg.com/ext_tw_video_thumb/1668627893944217600/pu/img/QWi3k7S-96NptLUM.jpg","","in","","0","0","5","https://x.com/TheGrid_ID/status/1753032274118148192","1496457406527664128","TheGrid_ID"
"1753064252477428221","Thu Feb 01 14:34:22 +0000 2024","8","Lewis f Ferrari https://t.co/mSfNzA6CZ6","1753064252477428221","https://pbs.twimg.com/media/GFQioxkWEAAF1QU.jpg","","in","","0","2","0","https://x.com/babbbcbdbee/status/1753064252477428221","1630584783897079812","babbbcbdbee"
"1753035676461994332","Thu Feb 01 12:40:49 +0000 2024","44","Pengumuman resmi mengenai kepergian Lewis Hamilton ke Ferrari untuk musim 2025 kabarnya akan diumumkan HARI INI! Setelah pertemuan pengarahan tim Mercedes hari ini pukul 21:00 WIB! https://t.co/STJ7Cm5U1O","1753035676461994332","https://pbs.twimg.com/media/GFQIplbb0AAmPlz.jpg","","in","","3","1","6","https://x.com/TheGrid_ID/status/1753035676461994332","1496457406527664128","TheGrid_ID"
"1753038587514544435","Thu Feb 01 12:52:23 +0000 2024","3","LEWIS HAMILTON TO FERRARI https://t.co/tkFhp9lTkj","1753038587514544435","https://pbs.twimg.com/media/GFQLTTmbMAACoDR.jpg","","in","Elbaf 🏞️","0","2","0","https://x.com/Kuroashiii_/status/1753038587514544435","1488527427085254663","Kuroashiii_"
"1753039796388204735","Thu Feb 01 12:57:12 +0000 2024","239","Lewis Hamilton na Ferrari https://t.co/A0PWsuD32I","1753039796388204735","https://pbs.twimg.com/media/GFQMZ67W8AAwO8p.jpg","","in","Brasil","1","9","15","https://x.com/VikingSincero/status/1753039796388204735","1214383581826555905","VikingSincero"
"1753066546589807049","Thu Feb 01 14:43:29 +0000 2024","506"," LAPORAN TERKINI DARI BRACKLEY - Rachel Brooke dari Sky Sports F1 melaporkan jika memang benar adanya pertemuan di markas pusat Mercedes yang ditujukan untuk memberi tahu soal kepergian Lewis Hamilton dari tim akhir musim ini ke Ferrari. HERE WE GO? https://t.co/04Hmhep0tX","1753066546589807049","https://pbs.twimg.com/ext_tw_video_thumb/1753065954551222272/pu/img/D_EOUx3iiDLLKruP.jpg","","in","Indonesia","40","26","68","https://x.com/f1speed_indo/status/1753066546589807049","1019746932833468416","f1speed_indo"
"1753067843879624713","Thu Feb 01 14:48:39 +0000 2024","10","LEWIS FERRARI MERCEDES SPEAK UP ???? https://t.co/uPiz0cXQxT","1753067843879624713","https://pbs.twimg.com/media/GFQl6W5agAAQblp.jpg","","in","she/her ~ 20","0","1","0","https://x.com/li4norris/status/1753067843879624713","1304220544175403013","li4norris"
"1753050250355585136","Thu Feb 01 13:38:44 +0000 2024","16","Hangat berita Lewis Hamilton lompat pergi Ferrari baru teringat aku pernah jumpa LH dan selfie dengan dia + Nico Rosberg tahun 2016 dulu. p/s: waktu ni tak buka lanyard sebab event company. Naik LRT aku buka. https://t.co/i70WB7aqgQ","1753050250355585136","https://pbs.twimg.com/media/GFQV6UebAAA7DPh.jpg","","in","","0","2","0","https://x.com/ZacZakirin13/status/1753050250355585136","1369505570521149440","ZacZakirin13"
"1753029012362756187","Thu Feb 01 12:14:20 +0000 2024","7","Lewis Hamilton na Ferrari https://t.co/cJpLy6ffvo","1753029012362756187","https://pbs.twimg.com/media/GFQCl_dWsAA2xhA.jpg","","in","Vitória, Brasil","0","2","0","https://x.com/f1corradi/status/1753029012362756187","298247628","f1corradi"
"1753064751398302200","Thu Feb 01 14:36:21 +0000 2024","2","Lewis racing for Ferrari at Kyalami?! https://t.co/mVDGytyzX4","1753064751398302200","https://pbs.twimg.com/media/GFQjGJqXIAAsLiI.jpg","","in","","0","1","0","https://x.com/Cashmoneyshishi/status/1753064751398302200","3075489839","Cashmoneyshishi"
"1753036676736160170","Thu Feb 01 12:44:48 +0000 2024","7","Ma quindi Lewis alla #Ferrari ? (Dal 2025) #Hamilton #Ferrari https://t.co/Y61d1eHh5j","1753036676736160170","https://pbs.twimg.com/media/GFQJkKkXYAAqzK4.jpg","","in","Atri (TE)","0","0","0","https://x.com/MattiaDiRemigio/status/1753036676736160170","406908979","MattiaDiRemigio"
"1753004723949731980","Thu Feb 01 10:37:50 +0000 2024","44","LEWIS TO FERRARI????? https://t.co/vpAO03onmj","1753004723949731980","https://pbs.twimg.com/ext_tw_video_thumb/1738505316386615296/pu/img/_Xf7_1aEjCjyDmr1.jpg","","in","18 | Muslim | She/Her | 🇵🇸","0","0","8","https://x.com/bookscedes/status/1753004723949731980","1502971590065238028","bookscedes"
"1753005360502227146","Thu Feb 01 10:40:21 +0000 2024","311","TRANSFER - Lewis Hamilton 2025 F1 sezonunda Ferrari'de. https://t.co/tYmRURjgoD","1753005360502227146","https://pbs.twimg.com/media/GFPtEPrXoAAkWHb.jpg","","in","Turkey","16","6","6","https://x.com/tribundergi/status/1753005360502227146","71108476","tribundergi"
"1703406534498431107","Sun Sep 17 13:52:20 +0000 2023","1643","TERKINI - Carlos Sainz akhirnya berhasil memutus dominasi Red Bull dan memberikan Ferrari kemenangan perdananya musim ini pada balapan GP Singapura. Lando Norris finis di posisi kedua dan Lewis Hamilton huni posisi ketiga setelah George Russell bablas ke tembok di lap terakhir. https://t.co/1laFbjmZu4","1703406534498431107","https://pbs.twimg.com/media/F6O3LK6aQAAYxX9.jpg","","in","Indonesia","120","179","377","https://x.com/f1speed_indo/status/1703406534498431107","1019746932833468416","f1speed_indo"
"1752997558027526520","Thu Feb 01 10:09:21 +0000 2024","1040","Negosiasi antara Lewis Hamilton bersama Ferrari berlangsung cukup cepat. Saat ini kabarnya sudah berada di fase akhir dan akan selesai paling cepat pekan ini. Belum diketahui apakah Hamilton sudah tanda tangan kontraknya atau belum namun bisa saja hari ini kepindahannya akan https://t.co/MRJholNOBv","1752997558027526520","https://pbs.twimg.com/media/GFPlE9wacAApamV.jpg","","in","Indonesia","164","71","108","https://x.com/f1speed_indo/status/1752997558027526520","1019746932833468416","f1speed_indo"
"1752943626328388031","Thu Feb 01 06:35:03 +0000 2024","22","Sali Lewis !!! #Ferrari #Hamilton https://t.co/TchgvjRJBG","1752943626328388031","https://pbs.twimg.com/media/GFO079AWsAA7LRb.jpg","","in","","0","2","2","https://x.com/Jack_Pabl9/status/1752943626328388031","750301500237312000","Jack_Pabl9"
"1752850391635574896","Thu Feb 01 00:24:34 +0000 2024","185","WDYM LEWIS HAMILTON TO FERRARI (2025) https://t.co/L0DzrEuC0D","1752850391635574896","https://pbs.twimg.com/ext_tw_video_thumb/1562621454306447360/pu/img/olhyfe1prKLcgOGD.jpg","","in","she/her, spanglish, vettel ! ","3","0","23","https://x.com/lecvett/status/1752850391635574896","1393743179233570816","lecvett"
"1752992058476834864","Thu Feb 01 09:47:30 +0000 2024","182","Hello Lewis!! ️https://t.co/ttU7qM62hB","1752992058476834864","https://pbs.twimg.com/ext_tw_video_thumb/1661734895490863108/pu/img/HAjcYdmwQnHFWjx-.jpg","","in","Maranello, Emilia Romagna","3","0","5","https://x.com/ferrarinewstr/status/1752992058476834864","1426484095366967296","ferrarinewstr"
"1752951669632233921","Thu Feb 01 07:07:00 +0000 2024","559","Di tengah gonjang-ganjing negosiasi kontrak Carlos Sainz yang rumit dan belum mencapai kesepakatan Ferrari sudah bergerak untuk mencari penggantinya sebagai persiapan skenario terburuk. Nama Lewis Hamilton kembali muncul ke permukaan di mana Ferrari tertarik untuk merekrutnya https://t.co/2qEOzxEakL","1752951669632233921","https://pbs.twimg.com/media/GFO7sfraUAAnJo6.jpg","","in","Indonesia","113","53","37","https://x.com/f1speed_indo/status/1752951669632233921","1019746932833468416","f1speed_indo"
"1753009529993019456","Thu Feb 01 10:56:55 +0000 2024","393","Lewis Hamilton to Ferrari in 2025 https://t.co/YHsYDAk0yv","1753009529993019456","https://pbs.twimg.com/media/GFPw4HkaEAAJLG2.jpg","","in","India","3","18","12","https://x.com/_onemufc/status/1753009529993019456","1157529996862189569","_onemufc"
"1715488763089166783","Fri Oct 20 22:02:48 +0000 2023","1394","TERKINI - Charles Leclerc berhasil kunci pole position pada kualifikasi GP Amerika Serikat. Ia disusul oleh Lando Norris di grid kedua dan Lewis Hamilton akan huni posisi ketiga. FERRARI POLLEEE LAGI!! https://t.co/Jhfkqoibot","1715488763089166783","https://pbs.twimg.com/media/F86j2qZbUAAxwTS.jpg","","in","Indonesia","139","69","172","https://x.com/f1speed_indo/status/1715488763089166783","1019746932833468416","f1speed_indo"
"1703435924707614906","Sun Sep 17 15:49:07 +0000 2023","131","Ferrari ️ Lewis Hamilton https://t.co/S7XlAlUHDa","1703435924707614906","https://pbs.twimg.com/media/F6PR8ZfXgAAhXzT.jpg","","in","Türkiye","0","1","0","https://x.com/mercedesiovmek/status/1703435924707614906","1280437990318317570","mercedesiovmek"
"1753004164102209664","Thu Feb 01 10:35:36 +0000 2024","996","FERRARI x LEWIS. HERE WE GO. https://t.co/sqMsmBh6sv","1753004164102209664","https://pbs.twimg.com/media/GFPr7llXkAACCSF.jpg","","in","","92","18","46","https://x.com/saribayrak/status/1753004164102209664","1283791488753827840","saribayrak"
"1716254821341389068","Mon Oct 23 00:46:50 +0000 2023","920"," Di balik musibah selalu ada berkahnya.. Meski Charles Leclerc didiskualifikasi tetapi ia tidak sendiri karena Lewis Hamilton juga dapat hukuman yang sama. Carlos Sainz naik ke podium ketiga dan membuat gap poin Ferrari ke Mercedes yang tadinya 31 poin sebelum penalti https://t.co/92pHu48MmK","1716254821341389068","https://pbs.twimg.com/media/F9Fbvl4aEAAQEMw.jpg","","in","Indonesia","40","52","82","https://x.com/f1speed_indo/status/1716254821341389068","1019746932833468416","f1speed_indo"
"1703830833293926584","Mon Sep 18 17:58:20 +0000 2023","163","Lewis Hamilton ️ Ferrari ️ Mclaren https://t.co/HwMTE2Ec6n","1703830833293926584","https://pbs.twimg.com/media/F6U5GuqXgAA9UIU.jpg","","in","Türkiye","0","0","1","https://x.com/mercedesiovmek/status/1703830833293926584","1280437990318317570","mercedesiovmek"
"1752850496514109825","Thu Feb 01 00:24:59 +0000 2024","4","lewis to ferrari ? https://t.co/rnj8aoKk0j","1752850496514109825","https://pbs.twimg.com/media/GFNgPDnXIAEpaiz.jpg","","in","4 | 55 | ","0","0","0","https://x.com/papayasnorris/status/1752850496514109825","972609802936508416","papayasnorris"
"1752993598243741859","Thu Feb 01 09:53:37 +0000 2024","403"," | Proses negosiasi Lewis Hamilton dan Ferrari sudah memasuki tahap lanjut dan akan selesai akhir pekan ini per Motorsport! Namun Motorsport belum bisa memastikan apakah kontraknya sudah ditandatangani Lewis atau belum. Beneran gaesss https://t.co/IunIWsjcMd","1752993598243741859","https://pbs.twimg.com/media/GFPiN07asAAgrPs.jpg","","in","Pernah di paddock","100","49","30","https://x.com/LambeResing/status/1752993598243741859","1268958732794261505","LambeResing"
"1753009539451142298","Thu Feb 01 10:56:58 +0000 2024","159","Lewis Hamilton kepada Sky Italia 2021: ...Cukup menakjubkan bahwa saya tidak pernah mengendarai mobil Ferrari selama bertahun-tahun. Karena ini adalah mimpi bagi siapa pun sebuah tujuan yang harus dicapai. https://t.co/hb494I4coe","1753009539451142298","https://pbs.twimg.com/media/GFPwuxCbUAA6tBl.jpg","","in","Pernah di paddock","7","3","11","https://x.com/LambeResing/status/1753009539451142298","1268958732794261505","LambeResing"
"1753006262877401511","Thu Feb 01 10:43:57 +0000 2024","11","lewis hamilton to ferrari https://t.co/5Bn322QVKP","1753006262877401511","https://pbs.twimg.com/media/GFPt51jW0AAsHsc.jpg","","in","Rabat","0","0","2","https://x.com/UnstableFLL/status/1753006262877401511","879811333876789250","UnstableFLL"
"1753009721081053308","Thu Feb 01 10:57:41 +0000 2024","244"," Lewis Hamilton ️ Ferrari 2025 https://t.co/mJZ6rmrmSX","1753009721081053308","https://pbs.twimg.com/media/GFPwzskWUAAsW_a.jpg","","in","Portugal","8","2","22","https://x.com/BetclicPortugal/status/1753009721081053308","31427142","BetclicPortugal"
"1753004699265958044","Thu Feb 01 10:37:44 +0000 2024","17","LEWIS AT FERRARI???? https://t.co/XI4vccI3fL","1753004699265958044","https://pbs.twimg.com/media/GFPseneWcAAaZ7e.jpg","","in","Nairobi, Kenya","1","1","4","https://x.com/mayaamolo/status/1753004699265958044","768143877328949248","mayaamolo"
"1645367422826815490","Mon Apr 10 10:05:37 +0000 2023","184","Lewis Hamilton McLaren; Kimi Raikkonen Ferrari; Sepang 2007. Photo Teh Eng Koon. #F1 https://t.co/EHaoD1GUTx","1645367422826815490","https://pbs.twimg.com/media/FtWE84dWwAAIYHP.jpg","","in","","1","0","12","https://x.com/NetoDemetriou/status/1645367422826815490","1054427352439144448","NetoDemetriou"
"1665302465061830656","Sun Jun 04 10:20:22 +0000 2023","1209","Lewis Hamilton Ferrari https://t.co/bNDfKGjQ0w","1665302465061830656","https://pbs.twimg.com/media/FxxXpwtXsAIF9wo.jpg","","in","Türkiye","24","19","15","https://x.com/F1tutkumuz/status/1665302465061830656","907903657101991936","F1tutkumuz"
"1694445152193142945","Wed Aug 23 20:23:00 +0000 2023","501","2007 BRAZIL Kimi Raikkonen (Ferrari) Lewis Hamilton (McLaren-Mercedes) &amp; Fernando Alonso (McLaren-Mercedes) Interlagos #F1 https://t.co/2GZRssvC5d","1694445152193142945","https://pbs.twimg.com/media/FtnvBM0WwAEF3uC.jpg","","in","Great Britain ","9","1","44","https://x.com/CrystalRacing/status/1694445152193142945","3697805909","CrystalRacing"
"1651856273447559168","Fri Apr 28 07:50:00 +0000 2023","172","2007 MALAYSIA Lewis Hamilton (McLaren) vs Felipe Massa (Ferrari) Sepang #F1 https://t.co/8EIJ12NewY","1651856273447559168","https://pbs.twimg.com/media/Fo9W7WjWIBI5FSF.jpg","","in","Great Britain ","0","0","7","https://x.com/CrystalRacing/status/1651856273447559168","3697805909","CrystalRacing"
"1693307293968814117","Sun Aug 20 17:01:33 +0000 2023","387",". Son 17 sezonda Lewis Hamilton 🆚 Scuderia Ferrari https://t.co/OH4E3xZgR4","1693307293968814117","https://pbs.twimg.com/media/F3_WAOJX0AAB87y.jpg","","in","Türkiye","8","6","4","https://x.com/mercedesiovmek/status/1693307293968814117","1280437990318317570","mercedesiovmek"
"1670988128096755713","Tue Jun 20 02:53:09 +0000 2023","89","Fernando Alonso bilang kalau setelah bad start yang menyebabkannya berada di belakang Lewis Hamilton ia sempat mengira kalau kesempatannya buat finish di runner-up sirna. Ia sempat berpikir untuk fokus menahan George Russell dan duo Ferrari di belakangnya. #CanadianGP #F1 https://t.co/zHErAg1YnX","1670988128096755713","https://pbs.twimg.com/media/FzCKtwgaIAEPVc_.jpg","","in","Pernah di paddock","0","2","6","https://x.com/LambeResing/status/1670988128096755713","1268958732794261505","LambeResing"
"1682751594377678856","Sat Jul 22 13:56:58 +0000 2023","280","Sesi kualifikasi GP Hongaria akan berjalan seru.. - Waktu tercepat di sepanjang sesi latihan bebas dicatat oleh Ferrari di sesi FP2 kemarin. - Lewis Hamilton bisa puncaki sesi FP3. - Max Verstappen mengeluh grip ban belakang sepanjang sesi FP. - Lando Norris di FP3 bisa P5 https://t.co/2sOnxP2VpU","1682751594377678856","https://pbs.twimg.com/media/F1pVYcpaIAgV8O_.jpg","","in","Indonesia","4","3","13","https://x.com/f1speed_indo/status/1682751594377678856","1019746932833468416","f1speed_indo"
"1671736145183637505","Thu Jun 22 04:25:31 +0000 2023","360","Diberitakan kalau berkat arah pengembangan dari Lewis Hamilton Mercedes W14 mulai membaik! Toto Wolff pun bilang kalau W14 sudah bisa diprediksi dan sesuai dengan data simulator hal yang belum terjadi sejak 2022. Mercedes pun pede bisa mendekati Aston Martin dan Ferrari https://t.co/JC8kq6Zgip","1671736145183637505","https://pbs.twimg.com/media/FzMzKTmaMAAg5KY.jpg","","in","Pernah di paddock","16","38","26","https://x.com/LambeResing/status/1671736145183637505","1268958732794261505","LambeResing"
"1635934133573779456","Wed Mar 15 09:21:06 +0000 2023","475","Komentator F1 sekaligus pundit Sky Sports Martin Brundle mengatakan jika Lewis Hamilton seharusnya punya pikiran untuk meninggalkan Mercedes dan pindah ke tim lain Ferrari misalnya. Apakah akan terwujud tukar guling antara Lewis Hamilton dengan Charles Leclerc? https://t.co/17iZjnXhXt","1635934133573779456","https://pbs.twimg.com/media/FrQBTJEacAA_VZB.jpg","","in","Indonesia","25","42","36","https://x.com/f1speed_indo/status/1635934133573779456","1019746932833468416","f1speed_indo"
"1690343400820908032","Sat Aug 12 12:44:06 +0000 2023","30","[DRIVER UPDATE ] Bang Lewis Hamilton baru saja menolak tawaran dari Ferrari untuk driver 2024! Presiden Ferrari John Elkann mengontak langsung ke Bang Lewis Hamilton dan Bang Lewis Hamilton menolak. MINMER KIRA INI CUMA KABAR BURUNG BIASA TERNYATA EMANG BENERAN . https://t.co/YUXoUKfAVy","1690343400820908032","https://pbs.twimg.com/media/F3VOW17bcAAKmcU.jpg","","in","","2","2","5","https://x.com/MercedesAMGIndo/status/1690343400820908032","1523840057941000192","MercedesAMGIndo"
"1661179132200329223","Wed May 24 01:15:42 +0000 2023","93","Helmut Lewis Mungkin Perlu Bantuan Ferrari. Dia bukan juara F1 saat ini dan mungkin akan sulit mendapatkan gelar itu lagi di masa depan. Sedangkan sudah dipastikan dia tidak akan bisa masuk ke Red Bull. Lewis juga nampaknya cukup kecewa dengan statusnya saat... https://t.co/I9h4R8Yaic","1661179132200329223","https://pbs.twimg.com/media/Fw2xnhbakAIgSVB.jpg","","in","Spa Franchochamps","5","5","7","https://x.com/SembalapID/status/1661179132200329223","1494840292998287361","SembalapID"
"1636344059512889345","Thu Mar 16 12:30:00 +0000 2023","1"," Lewis Hamilton &amp; Ferrari https://t.co/Sk15hTE00d","1636344059512889345","https://pbs.twimg.com/media/FrVsPoNWwAAL7g3.jpg","","in","","1","1","1","https://x.com/sabahspor/status/1636344059512889345","568214350","sabahspor"
"1661333017712037889","Wed May 24 11:27:17 +0000 2023","89","Namun boleh dibilang kalau balapan di Ferrari adalah impian semua pebalap di dunia. Lewis pun bilang sendiri tentang ini. Bahkan seorang Ayrton Senna memiliki mimpi untuk pensiun di Ferrari. Apabila Lewis pindah ke Ferrari he will be living his idol s dream. https://t.co/TS3EG7vlZI","1661333039723716610","https://pbs.twimg.com/media/Fw48sWxaEAAD_58.jpg","LambeResing","in","Pernah di paddock","2","3","15","https://x.com/LambeResing/status/1661333039723716610","1268958732794261505","LambeResing"
"1634820017098203137","Sun Mar 12 07:34:00 +0000 2023","112","2007 🇲🇾 Felipe Massa (Ferrari) vs Lewis Hamilton (Mclaren) https://t.co/SKkoKggqtv","1634820017098203137","https://pbs.twimg.com/media/FqXoh7aWAAE7W2W.jpg","","in","Hungary","0","1","6","https://x.com/F1inthe2010s1/status/1634820017098203137","1232320390803918848","F1inthe2010s1"
"1703379902462930989","Sun Sep 17 12:06:30 +0000 2023","0","FERRARI 1-2 AND LEWIS P3 https://t.co/bm16Pp6VjA","1703379902462930989","https://pbs.twimg.com/media/F6Oe_ozX0AAM7il.jpg","","in","Dominican Republic","0","0","0","https://x.com/willowroses/status/1703379902462930989","1266492920850518024","willowroses"
"1698294539176604015","Sun Sep 03 11:19:05 +0000 2023","228","Ferrari memegang rekor sebagai konstruktor dengan kemenangan terbanyak di Monza yaitu dengan 19 kali kemenangan &amp; 5 di antaranya diraih oleh Michael Schumacher yang juga memegang kemenangan di GP Italia terbanyak bersama Lewis Hamilton. Bisakah Ferrari perpanjang rekornya https://t.co/bU4hvMvlGt","1698294539176604015","https://pbs.twimg.com/media/F5GMpF3aYAAM76S.jpg","","in","Indonesia","3","3","7","https://x.com/f1speed_indo/status/1698294539176604015","1019746932833468416","f1speed_indo"
"1690552245954523136","Sun Aug 13 02:33:59 +0000 2023","162"," Dikabarkan John Elkann Menawari Posisi bagi Lewis di Ferrari untuk Musim Depan Elkann mengontaknya secara personal namun Lewis menolaknya. Frederic Vasseur juga sempat menawari Lewis untuk membalap bersama Ferrari. Hanya Mercedes untukku Lewis Hamilton menegaskan. Jika https://t.co/Xe7YMd9KUj","1690552245954523136","https://pbs.twimg.com/media/F3YMTnWakAEYZAC.jpg","","in","Spa Franchochamps","5","21","10","https://x.com/SembalapID/status/1690552245954523136","1494840292998287361","SembalapID"
"1661732418490109953","Thu May 25 13:54:16 +0000 2023","25","Lewis Hamilton mendengar rumor kepindahannya ke Ferrari: https://t.co/50oxeXOcXn","1661732418490109953","https://pbs.twimg.com/media/Fw-o1B9aIAMPWEo.jpg","","in","Spa Franchochamps","0","1","0","https://x.com/SembalapID/status/1661732418490109953","1494840292998287361","SembalapID"
"1628065841165045760","Tue Feb 21 16:15:19 +0000 2023","2","Lewis at Ferrari https://t.co/iTQbRscntB","1628065841165045760","https://pbs.twimg.com/media/FpgNQMeWYAEs4h9.jpg","","in","21 | Northern Ireland","0","1","0","https://x.com/Carroll_NIR/status/1628065841165045760","1020160122746802178","Carroll_NIR"
"1693596146076430425","Mon Aug 21 12:09:21 +0000 2023","1","Hmm. Lewis Hamilton otw Ferrari? https://t.co/bqg5lilYSg","1693596146076430425","https://pbs.twimg.com/media/F4DctreakAEyZjY.jpg","","in","Tempat Makan Rame Sebelah","1","1","0","https://x.com/isnannugz/status/1693596146076430425","284860571","isnannugz"
"1504428045444304897","Thu Mar 17 12:02:51 +0000 2022","243"," Ferrari are favourites. Lewis: https://t.co/DCTn4uzaRU","1504428045444304897","https://pbs.twimg.com/media/FODNSmOWUAM2n1g.jpg","","in","","4","3","22","https://x.com/FiftyBucksVT/status/1504428045444304897","1294573400195825664","FiftyBucksVT"
"1551214958352146432","Sun Jul 24 14:37:20 +0000 2022","140","Dapet podium di balapan ke-300 nya dengan mobil yang nggak sekuat Ferrari dan Red Bull. Lewis Hamilton everybody https://t.co/alDDy8ec0A","1551214958352146432","https://pbs.twimg.com/media/FYcFo4gaQAEHMiL.jpg","","in","Pernah di paddock","7","9","29","https://x.com/LambeResing/status/1551214958352146432","1268958732794261505","LambeResing"
"1537284070715310085","Thu Jun 16 04:00:58 +0000 2022","253","Weekend lalu menjadi penuh dengan heartbreak. Mulai dari hasil mixed-up driver Indonesia di #LeMans24 hingga double DNF Ferrari di #AzerbaijanGP. Isu porpoising pun kembali mencuat setelah Lewis Hamilton encok pasca balapan. Yuk langsung dengerin EP. 95! https://t.co/8Id20kDX8l https://t.co/xxLNBpeRrT","1537284070715310085","https://pbs.twimg.com/media/FVWG948aMAA8r5K.jpg","","in","Pernah di paddock","2","7","43","https://x.com/LambeResing/status/1537284070715310085","1268958732794261505","LambeResing"
"1546154114220179458","Sun Jul 10 15:27:21 +0000 2022","22","Lewis Ferrari boys = ️ #AustrianGP #SilverstoneGP https://t.co/PnDrmulZmU","1546154114220179458","https://pbs.twimg.com/media/FXUK91haQAEVbjd.jpg","","in","","0","0","3","https://x.com/itsmeAnay/status/1546154114220179458","1178538562184073217","itsmeAnay"
"1566064279148568576","Sat Sep 03 14:03:14 +0000 2022","1","#DutchGP🇳🇱: Lewis vs Charles #F1 #Formula1 #MercedesAMGF1 #Ferrari https://t.co/w3m332yqDa","1566064279148568576","https://pbs.twimg.com/media/FbvHEr2XEAIcY88.jpg","","fr","","1","0","0","https://x.com/plutoformula1/status/1566064279148568576","1523318249668157442","plutoformula1"
"1565721253767696384","Fri Sep 02 15:20:11 +0000 2022","97","Hasil sesi latihan bebas kedua GP Belanda. Duo Ferrari pimpin catatan perolehan waktu dengan Charles Leclerc jadi tercepat dan disusul tipis oleh rekan setimnya Carlos Sainz. Posisi ketiga dihuni oleh Lewis Hamilton yang juga tidak terpaut jauh waktunya. https://t.co/9LPvo1utSx","1565721253767696384","https://pbs.twimg.com/media/FbqO6IiaAAAyvRI.jpg","","in","Indonesia","6","18","10","https://x.com/f1speed_indo/status/1565721253767696384","1019746932833468416","f1speed_indo"
"1554474455790911490","Tue Aug 02 14:29:25 +0000 2022","82","ferrari boys x lewis https://t.co/pw67IYC5Xo","1554474455790911490","https://pbs.twimg.com/ext_tw_video_thumb/1554474406331781120/pu/img/QsWHAAt0178Voazj.jpg","","in","22 | she/her ","3","0","10","https://x.com/rmaddenns/status/1554474455790911490","711145240640495616","rmaddenns"
"1507773657463939073","Sat Mar 26 17:37:07 +0000 2022","10","Ferrari 2021 to Lewis https://t.co/3YNS0wMdiQ","1507773657463939073","https://pbs.twimg.com/tweet_video_thumb/FOywJW2VQAEfpAw.jpg","","in","","0","0","4","https://x.com/AxisOfOversteer/status/1507773657463939073","22940729","AxisOfOversteer"
"1593442852364697601","Fri Nov 18 03:30:35 +0000 2022","196","Daftar atlet dan tim yang berhasil digaet sama Puma dibawah Gulden juga gak main-main: - Neymar - Christian Pulisic - Lewis Hamilton - Manchester City - 3 tim F1 (Ferrari Mercedes Red Bull) Bukti kerja nyata dari Pak Gulden https://t.co/0LEG51X3fX","1593446543884840962","https://pbs.twimg.com/media/Fh0Ow6oVUAIydBS.jpg","nuhagunawan","in","Nelson Road","5","9","8","https://x.com/nuhagunawan/status/1593446543884840962","369454945","nuhagunawan"
"1528638863245471744","Mon May 23 07:28:00 +0000 2022","7","Kali ini mari kita spill #RaporSembalap Spanyol! Menurut kami Max masih pantas di nomor 1 meski Lewis melakukan recovery run yang sangat epic. Sementara itu duo Ferrari kurang perform meskin Carlos bisa recover dan tentu honorable mention Lando yang sakit tapi bisa ngepush! https://t.co/MsoWUcW5Iw","1528638863245471744","https://pbs.twimg.com/media/FTbQn-aagAEGlnI.jpg","","in","Spa Franchochamps","1","1","1","https://x.com/SembalapID/status/1528638863245471744","1494840292998287361","SembalapID"
"1546179420783771651","Sun Jul 10 17:07:55 +0000 2022","6","Lewis aka Guardian angel of ferrari boys https://t.co/KE6gWB6VVv","1546179420783771651","https://pbs.twimg.com/media/FXUh_DZWQAAiLpR.jpg","","in","f1 circuit","0","0","0","https://x.com/lvsgeorlos/status/1546179420783771651","1512714568719601666","lvsgeorlos"
"1576550649356898304","Sun Oct 02 12:32:20 +0000 2022","0","RESULTS - Italy P4 Carlos Sainz / Ferrari 5 Lewis Hamilton / Mercedes 6 Sergio Perez / Red Bull ... #F1 #F122LIN #LIN #ItalianGP #Formula1 #Monza #Italy #SC #SafetyCar #points #CS55 #LH44 #SP11 https://t.co/fCJyLeub6G","1576550649356898304","https://pbs.twimg.com/media/FeEIOrwX0AIzZqP.jpg","","in","BCN GRZ LTN BUD LGG YYZ","0","0","0","https://x.com/F1racing/status/1576550649356898304","9288972","F1racing"
"1398185344252530695","Fri May 28 07:52:17 +0000 2021","0","Lewis Hamilton loves ferrari https://t.co/OC2mhUrOtz","1398185344252530695","https://pbs.twimg.com/media/E2daIt_UYAAhEhv.jpg","","in","ÜT: -6.304971,106.669722","0","0","0","https://x.com/ALFREDOAGNELLI/status/1398185344252530695","59485224","ALFREDOAGNELLI"
"1508056863920869380","Sun Mar 27 12:22:29 +0000 2022","100","Schumi'nin Ferrari Lewis'in Mercedes kariyeri. https://t.co/SnK2WYzMa1 https://t.co/yZYXt4lk4J","1508056863920869380","https://pbs.twimg.com/media/FO2xiUoWYAwrYAn.jpg","","in","Türkiye","7","17","1","https://x.com/F1efsane/status/1508056863920869380","926409434179522560","F1efsane"
"1611465837470162949","Fri Jan 06 20:52:49 +0000 2023","0","lewis hamilton da ferrari https://t.co/hRrizkP7F9","1611465837470162949","https://pbs.twimg.com/media/Fl0TQpcWYAAHCly.png","","in","","1","0","0","https://x.com/lewskzz/status/1611465837470162949","1584299023615332355","lewskzz"
"1627707249308102656","Mon Feb 20 16:30:24 +0000 2023","49","Madereva wa @MercedesAMGF1 kwenye F1 msimu huu 2023. Wa kwanza kushoto Lewis Hamilton katikati George Russell na Mick Schumacher wa kulia dereva akiba. ●Ferrari na Red Bull tunawatazama hawa jamaa watafanya nini msimu huu https://t.co/FwhMLVEwaU","1627707249308102656","https://pbs.twimg.com/media/FpbHG5_XoAUy5J6.jpg","","in","","0","1","1","https://x.com/ibrakasuga/status/1627707249308102656","2724482539","ibrakasuga"
"1594332938623193089","Sun Nov 20 14:12:48 +0000 2022","8578","Sir. Lewis. Hamilton.","1594332938623193089","","","cy","","47","51","334","https://x.com/FanaticsFerrari/status/1594332938623193089","1434265184588156937","FanaticsFerrari"
"1549999877207527424","Thu Jul 21 06:09:02 +0000 2022","7","NEW EPISODE ALERT Akhirnya setelah lama absen ada episode baru! Di Eps 13 #PODIUM membahas tentang polarisasi kubu Ferrari tiga podium beruntun Lewis Hamilton pembuktian Mick Schumacher dan beruntungnya F1 kehadiran fitur seperti 'HALO' https://t.co/nzH0VMMgM4 https://t.co/zUiTMhI4D2","1549999877207527424","https://pbs.twimg.com/media/FYK0ex1aMAA-ue3.jpg","","in","","0","1","4","https://x.com/PODIUMBYPLUS62/status/1549999877207527424","1491380893969121283","PODIUMBYPLUS62"
"1459597575229689859","Sat Nov 13 19:02:34 +0000 2021","7","Sir lewis hamilton to ferrari ?? #BrazilGP 🇧🇷 https://t.co/xP8zmjNpAi","1459597575229689859","https://pbs.twimg.com/media/FEGIQkcWQAAmznK.jpg","","in","","1","3","2","https://x.com/waatitdobaby/status/1459597575229689859","541667885","waatitdobaby"
"1483827348982087684","Wed Jan 19 15:43:02 +0000 2022","48","Lewis Hamilton Fernando Alonso Mark Webber Jenson Button e Sebastian Vettel em 2010. Foto: Lee Jin-man. #F1 #Formula1 #McLaren #Ferrari #redbullracing #f12010 https://t.co/7bN2yAXSBY","1483827348982087684","https://pbs.twimg.com/media/FJedHD7XwAMpIbZ.jpg","","in","","0","3","8","https://x.com/NetoDemetriou/status/1483827348982087684","1054427352439144448","NetoDemetriou"
"873265991744139264","Fri Jun 09 19:50:11 +0000 2017","91","Ferrari ahead of Mercedes in #CanadianGP P2 as Kimi Raikkonen outpaces Lewis Hamilton &amp; Sebastian Vetttel https://t.co/kCTd0NijG8 https://t.co/3ikoaWFwzV","873265991744139264","https://pbs.twimg.com/media/DB52lV3XgAIdW4f.jpg","","in","UK","5","5","23","https://x.com/SkySportsF1/status/873265991744139264","368276033","SkySportsF1"
"839875707345907712","Thu Mar 09 16:29:07 +0000 2017","11","#F1Testing Barcellona 2017 simulazioni di gara a confronto: Lewis #Hamilon (Mercedes) vs Sebastian #Vettel (Ferrari) https://t.co/xVbPSZa8BD","839875707345907712","https://pbs.twimg.com/media/C6fWVA2WUAAB3aP.jpg","","in","Italia","2","0","9","https://x.com/FormulaPassion/status/839875707345907712","493042610","FormulaPassion"
"974065691274940416","Wed Mar 14 23:32:12 +0000 2018","3","Lewis Hamilton (McLaren) Fernando Alonso (Ferrari) Nico Rosberg (Mercedes) Felipe Massa (Ferrari) Barein - Sakhir - 22 de Abril - 2012 https://t.co/7i5YLN729l","974065691274940416","https://pbs.twimg.com/media/DYSTQBfWkAEkvkF.jpg","","in","Buenos Aires, Argentina","0","0","1","https://x.com/LucasVenero44/status/974065691274940416","701153340512714752","LucasVenero44"
"863765080747454464","Sun May 14 14:36:57 +0000 2017","14","#Bongo5Updates Dereva wa magari ya Mercedes Lewis Hamilton ameibuka mshindi wa mbio za Spanish Grand Prix akimshinda Vettel wa Ferrari https://t.co/76JrGtbhdr","863765080747454464","https://pbs.twimg.com/media/C_y1tO5WsAAH23D.jpg","","in","Dar es Salaam, Tanzania","0","1","4","https://x.com/bongofive/status/863765080747454464","128570166","bongofive"
"928604577867243521","Thu Nov 09 12:45:58 +0000 2017","5","5. GP Brazil 2008 menjadi balapan yang tak terlupakan bagi Lewis Hamilton (McLaren) ketika juara dunia ditentukan di detik akhir balapan dan menggagalkan usaha Felipe Massa (Ferrari) #BrazilGP #F1 https://t.co/Wk7Gg3eNga","928604577867243521","https://pbs.twimg.com/media/DOMQ7MQUQAEGfcG.jpg","","in","Jakarta, Indonesia","0","0","4","https://x.com/TeamJagonyaAyam/status/928604577867243521","951176484","TeamJagonyaAyam"
"844896530779836417","Thu Mar 23 13:00:05 +0000 2017","0","Lewis Hamilton: Favori Ferrari https://t.co/DHQKNyp8ge https://t.co/NfMa8hK24u","844896530779836417","https://pbs.twimg.com/media/C7ms6kQW4AE7xvX.jpg","","in","TÜRKİYE","0","0","1","https://x.com/aa_spor/status/844896530779836417","547622332","aa_spor"
"1003554741379477504","Mon Jun 04 08:31:10 +0000 2018","1","https://t.co/AXMk0rBXmF - Lewis: Ferrari has best car in F1 https://t.co/d7R8rgV796 #F1 #ESPN https://t.co/cmCd59nFJc","1003554741379477504","https://pbs.twimg.com/media/De1Xt7cU0AAE7W9.jpg","","in","Official F1 Store 👉","0","0","0","https://x.com/LiveF1News/status/1003554741379477504","2942409881","LiveF1News"
"977118757205172224","Fri Mar 23 09:44:00 +0000 2018","7","Lewis Hamilton kinara majaribio ya Australian GP awafunika Ferrari na Red Bull - https://t.co/9VX4CIKscl https://t.co/bxgIZV8kXC","977118757205172224","https://pbs.twimg.com/media/DY9sVIgV4AAObyC.jpg","","in","Dar es Salaam, Tanzania","0","0","1","https://x.com/bongofive/status/977118757205172224","128570166","bongofive"
"851335539022323712","Mon Apr 10 07:26:24 +0000 2017","6","Sebastian Vettel - Ferrari #5 Lewis Hamilton - Mercedes #44 2017 https://t.co/3fXd3D0vE3","851335539022323712","https://pbs.twimg.com/media/C9CNJXmXUAEj2mb.jpg","","in","Spijkenisse, Nederland","0","0","1","https://x.com/RincoSmits1969/status/851335539022323712","1937996600","RincoSmits1969"
"857977023200870400","Fri Apr 28 15:17:17 +0000 2017","5","Lewis Hamilton: Mercedes wataingiza kikosi kazi ili kuishinda Ferrari - https://t.co/fVgyUJtfE4 https://t.co/uGX81eweE8","857977023200870400","https://pbs.twimg.com/media/C-gljhxVYAEgBtj.jpg","","in","Dar es Salaam, Tanzania","0","0","0","https://x.com/bongofive/status/857977023200870400","128570166","bongofive"
"844956508542685184","Thu Mar 23 16:58:24 +0000 2017","3","Lewis Hamilton Ferrari Mercedes Sebastian Vettel Formula One 2017 preview https://t.co/IE6G11Asct https://t.co/ljvsldqZN1","844956508542685184","https://pbs.twimg.com/tweet_video_thumb/C7njP1EXgAELx7M.jpg","","in","London, England","0","0","1","https://x.com/eurosport/status/844956508542685184","25268540","eurosport"
"943437154541215744","Wed Dec 20 11:05:20 +0000 2017","0","Bos Ferrari Mengancam Lewis Hamilton https://t.co/QOdob7WXc6 https://t.co/suRijtmI1n","943437154541215744","https://pbs.twimg.com/media/DRfDFzRVwAAc-Og.jpg","","in","Indonesia","0","0","0","https://x.com/bolacomID/status/943437154541215744","1486284086","bolacomID"
"841260593143148545","Mon Mar 13 12:12:09 +0000 2017","0","Lewis Hamilton Puji Kecepatan Mobil Ferrari https://t.co/F4Z2oCznoZ https://t.co/hFnpXmIQJg","841260593143148545","https://pbs.twimg.com/media/C6zCDKMU8AIg4_M.jpg","","in","Indonesia","0","0","0","https://x.com/bolacomID/status/841260593143148545","1486284086","bolacomID"
"850655992480055300","Sat Apr 08 10:26:07 +0000 2017","0","Lewis Hamilton Nikmati Persaingan dengan Pebalap Ferrari https://t.co/W83Bfuv2rY https://t.co/gdtj0FTkjm","850655992480055300","https://pbs.twimg.com/media/C84jHcQVoAEiJKz.jpg","","in","Indonesia","0","0","0","https://x.com/bolacomID/status/850655992480055300","1486284086","bolacomID"
"1005887082697576448","Sun Jun 10 18:59:03 +0000 2018","41","YES LEWIS #F***Ferrari #ComeOnRedBull","1005887082697576448","","","in","London, United Kingdom","0","4","1","https://x.com/WallacePJW/status/1005887082697576448","814882453","WallacePJW"
"844863184338993152","Thu Mar 23 10:47:34 +0000 2017","0","Lewis Hamilton: Favori Ferrari https://t.co/gyLBXm0Eyz https://t.co/rWHJ0st1bu","844863184338993152","https://pbs.twimg.com/media/C7mOldmU8AEFNxt.jpg","","in","","0","0","0","https://x.com/F1trcom/status/844863184338993152","533409110","F1trcom"
"921930379585449985","Sun Oct 22 02:45:05 +0000 2017","1","Ferrari Ganti Sasis untuk Vettel Siap Tundukan Lewis Hamilton? https://t.co/P5Vz090fp6 https://t.co/4WIZk4hns5","921930379585449985","https://pbs.twimg.com/media/DMtaywNVAAAGXC7.jpg","","in","Jakarta","0","0","1","https://x.com/liputan6dotcom/status/921930379585449985","47596019","liputan6dotcom"
"886226892205858817","Sat Jul 15 14:12:11 +0000 2017","0","Hasil Kualifikasi F1 GP Inggris 2017 Lewis Hamilton Pole Position Duo Ferrari Menempel Ketat https://t.co/sWh8MVRNme https://t.co/S6bEdkx5Hl","886226892205858817","https://pbs.twimg.com/media/DEyCp6mUwAAekyK.jpg","","in","Indonesia","0","0","0","https://x.com/skorindonesia/status/886226892205858817","858220483","skorindonesia"
"1005999230467502086","Mon Jun 11 02:24:41 +0000 2018","2","Vettel Mendahului! Vettel mengumpul 121 mata hanya 1 mata didepan Lewis Hamilton untuk mendahului carta Formula One (F1) musim ini. Ini merupakan kemenangan pertama Team Ferrari di Kanada sejak 2004. &gt;&gt;&gt; https://t.co/5stXhVtOTU https://t.co/jHqKKY7gjY","1005999230467502086","https://pbs.twimg.com/media/DfYGl3bU8AAo3hf.jpg","","in","","0","0","2","https://x.com/DuniaSukan/status/1005999230467502086","261941476","DuniaSukan"
"851785081379311616","Tue Apr 11 13:12:43 +0000 2017","0","GP Shanghai Lewis Hamilton: Ferrari un passo avanti (https://t.co/s33nII5AQ5) https://t.co/80maOhBY0J https://t.co/zZ11lQiRFS","851785081379311616","https://pbs.twimg.com/media/C9ImBCWXgAA_k_o.jpg","","in","Italia","0","0","0","https://x.com/infoitsport/status/851785081379311616","317745983","infoitsport"
"772429972623335424","Sun Sep 04 13:43:51 +0000 2016","3","#Formula1 #GPItalia FINAL 1° Nico Rosberg (Mercedes) 2° Lewis Hamilton (Mercedes) 3° Sebastian Vettel (Ferrari) https://t.co/b4tFp6FOnl","772429972623335424","https://pbs.twimg.com/media/Crg4zYrUkAASLQu.jpg","","in","México - GEB     Te sigue","0","0","2","https://x.com/GEBDeportes/status/772429972623335424","1951063272","GEBDeportes"
"839579694236372994","Wed Mar 08 20:52:52 +0000 2017","0","Mercedes teme Ferrari. Lewis Hamilton: Sono i favoriti (https://t.co/s33nII5AQ5) https://t.co/mJkADUNw2l https://t.co/ztpui1BDnU","839579694236372994","https://pbs.twimg.com/media/C6bJSE0WcAAjydm.jpg","","in","Italia","0","0","0","https://x.com/infoitsport/status/839579694236372994","317745983","infoitsport"
"774010259429916674","Thu Sep 08 22:23:20 +0000 2016","0","Kanada GP 2012 - Fernando Alonso (Ferrari) ve Lewis Hamilton (Mclaren) https://t.co/tRWtP6mYuL https://t.co/lKajzKluea","774010259429916674","https://pbs.twimg.com/media/Cr3WOlwVUAAF5OM.jpg","","in","","0","0","0","https://x.com/F1trcom/status/774010259429916674","533409110","F1trcom"
"767447356560273408","Sun Aug 21 19:44:42 +0000 2016","5","Alfie by Lewis Gilbert 1966 #michaelcaine #janeasher https://t.co/AAMBQ0luV2","767447356560273408","https://pbs.twimg.com/media/CqaFTTeWAAAyftf.jpg","","in","Bologna, Italy","0","0","5","https://x.com/002Federico/status/767447356560273408","306186969","002Federico"
"839461481565454336","Wed Mar 08 13:03:08 +0000 2017","1","Lewis Hamilton: Ferrari is favoriet niet Mercedes https://t.co/ovfp5uAdI3 https://t.co/kbXEsCa7mK","839461481565454336","https://pbs.twimg.com/media/C6ZdxDFVMAA2z0K.jpg","","in","Belgium","0","0","0","https://x.com/nieuwsbladsport/status/839461481565454336","15169569","nieuwsbladsport"
"715069204290863104","Wed Mar 30 06:52:38 +0000 2016","0","Hamilton Waspadai Kejutan-kejutan Ferrari: Lewis Hamilton antusias menyambut lanjutan Formula 1 di balapan Gra... https://t.co/5iGjMkdO5x","715069204290863104","","","in","Melbourne, Victoria","0","0","0","https://x.com/Artemizz_/status/715069204290863104","106425714","Artemizz_"
"802888941091299328","Sun Nov 27 14:56:55 +0000 2016","2","Lewis to Ferrari","802888941091299328","","","in","","0","0","1","https://x.com/Stef_LH44/status/802888941091299328","219336956","Stef_LH44"
"779310698266517504","Fri Sep 23 13:25:24 +0000 2016","0","Lewis Hamilton Approves Ferrari's F1 Halo https://t.co/RWXNgQKd82 https://t.co/zGlKuHdfF4","779310698266517504","https://pbs.twimg.com/media/CtCq8ucW8AEp9-o.jpg","","in","Knoxville, TN ","0","0","0","https://x.com/EurotechKnox/status/779310698266517504","241206203","EurotechKnox"
"782846537739141120","Mon Oct 03 07:35:33 +0000 2016","0","F1 | Lewis Hamilton Sepang: https://t.co/IjD8d7SdwQ","782846537739141120","","","in","Luino, Lombardia","0","0","0","https://x.com/LucaFerrariFP/status/782846537739141120","571135948","LucaFerrariFP"
"756671562435076096","Sat Jul 23 02:05:33 +0000 2016","0","#SangBaraNews Di Hungaroring Red Bull Bersaing dengan Ferrari bukan Mercedes: Lewis Hamilton menyebut Red Bu... https://t.co/p3W6Jsi6pS","756671562435076096","","","in","Indonesia","0","0","0","https://x.com/SangBara/status/756671562435076096","227335170","SangBara"
"802888462512754688","Sun Nov 27 14:55:01 +0000 2016","0","Mamma Lewis in Ferrari #skymotori","802888462512754688","","","in","","0","0","0","https://x.com/antonella65anto/status/802888462512754688","132631638","antonella65anto"
"731416771622621184","Sat May 14 09:32:02 +0000 2016","0","Ada kemungkinan salah satu Ferrari akan menyelip di antara 2 Mercedes dgn Lewis mengeluh akan balance dr mobilnya di quali nanti. #FP3.","731416771622621184","","","in","Indonesia","0","0","1","https://x.com/FerraristaIndo/status/731416771622621184","813136165","FerraristaIndo"
"839218151443267585","Tue Mar 07 20:56:13 +0000 2017","0","Lewis Hamilton - Ferrari emerging as favourites: https://t.co/eairNW5qbI via @ESPNF1","839218151443267585","","","in","🔴🔴","0","0","0","https://x.com/SteveStevens47/status/839218151443267585","1176640496","SteveStevens47"
"802888368451362816","Sun Nov 27 14:54:38 +0000 2016","0","LEWIS VIENI IN FERRARI @LewisHamilton @ScuderiaFerrari #skymotori","802888368451362816","","","in","erbusco","0","0","0","https://x.com/Zanna1996/status/802888368451362816","365686956","Zanna1996"
"765240482267934721","Mon Aug 15 17:35:23 +0000 2016","0","Lewis to Ferrari? https://t.co/Esvkmro3iJ","765240482267934721","","","in","Steiermark","0","0","0","https://x.com/DJOREMY/status/765240482267934721","4445189596","DJOREMY"
"836275971506348035","Mon Feb 27 18:05:03 +0000 2017","2","Mercedes' Lewis Hamilton pips Ferrari's Sebastian Vettel in opening Barcelona testing https://t.co/NDEkZ0m8wt https://t.co/841toBHAlt","836275971506348035","https://pbs.twimg.com/media/C5sMjx8UoAAO_Yh.jpg","","in","New Delhi, India","0","0","0","https://x.com/ZeeNewsSports/status/836275971506348035","4631123532","ZeeNewsSports"
"759795936625356800","Sun Jul 31 17:00:42 +0000 2016","0","GP di Germania formula 1 vince ancora Lewis Hamilton https://t.co/F3CiFdiuif #notizie #sapevatelo #sport #ferrari","759795936625356800","","","in","","0","0","0","https://x.com/notizieit/status/759795936625356800","281093385","notizieit"
"777490264189349889","Sun Sep 18 12:51:38 +0000 2016","0","Raikonnen ah por lewis!!!! Vengaaa Ferrari!!! #SingaporeGP","777490264189349889","","","in","","0","0","0","https://x.com/CandaditoRojo/status/777490264189349889","48856842","CandaditoRojo"
"742108379246530560","Sun Jun 12 21:36:39 +0000 2016","0","Pemandu Mercedes Lewis Hamilton menjuarai perlumbaan F1 Kanada. Pemandu Ferrari Sebastien Vettel tamatkan... https://t.co/pihfxcExBX","742108379246530560","","","in","Malaysia","0","0","0","https://x.com/AstroRadioNews/status/742108379246530560","3314811637","AstroRadioNews"
"742129896227360769","Sun Jun 12 23:02:10 +0000 2016","1","Hasil Lomba: Lewis Hamilton Menang Akibat Ferrari Salah Strategi https://t.co/Haqb5v44gj https://t.co/HNCYUwaWl7","742129896227360769","https://pbs.twimg.com/media/CkyTNI3VAAAlupA.jpg","","in","Jakarta, Indonesia","0","0","0","https://x.com/otomotifweekly/status/742129896227360769","135065939","otomotifweekly"
"711451471917678592","Sun Mar 20 07:17:03 +0000 2016","14","F1: Pemandu Mercedes Nico Rosberg menang GP Australia; rakan sepasukan Lewis Hamilton kedua &amp; Sebastian Vettel (Ferrari) ketiga.","711451471917678592","","","in","Malaysia","0","0","4","https://x.com/bharianmy/status/711451471917678592","63070483","bharianmy"
"710421995318419456","Thu Mar 17 11:06:17 +0000 2016","0","Hamilton Mulai Waspadai Kebangkitan Ferrari: Lewis Hamilton mulai berhitung kekuatan para rival. Juara dunia d... https://t.co/gT3NqjyFPd","710421995318419456","","","in","Melbourne, Victoria","0","0","0","https://x.com/Artemizz_/status/710421995318419456","106425714","Artemizz_"
"715058416083943425","Wed Mar 30 06:09:46 +0000 2016","0","#SangBaraNews Hamilton Waspadai Kejutan-kejutan Ferrari: Lewis Hamilton antusias menyambut lanjutan Formula 1 ... https://t.co/JFrwGWjemq","715058416083943425","","","in","Indonesia","0","0","0","https://x.com/SangBara/status/715058416083943425","227335170","SangBara"
"709604660554784768","Tue Mar 15 04:58:29 +0000 2016","0","Hasil tes pramusim menunjukkan kalau Mercedes bakal mendapatkan persaingan sengit dari Ferrari. Lewis Hamilton... https://t.co/6IBJhtrhtg","709604660554784768","","","in","Central Java, Indonesia","0","0","0","https://x.com/kontenkamil/status/709604660554784768","2323412713","kontenkamil"
"710475357091192833","Thu Mar 17 14:39:04 +0000 2016","1","@lopier1999 Lewis Hamilton / Ferrari :)","710475545549643780","","lifeof_Pier","in","London","0","1","0","https://x.com/SeenThruGlass/status/710475545549643780","2812852233","SeenThruGlass"
"710420597608566785","Thu Mar 17 11:00:44 +0000 2016","0","#TyoNews Hamilton Mulai Waspadai Kebangkitan Ferrari: Lewis Hamilton mulai berhitung kekuatan para rival... https://t.co/21mFiipQpx #News","710420597608566785","","","in","world","0","0","0","https://x.com/tyonews/status/710420597608566785","2290568168","tyonews"
"715067691329957888","Wed Mar 30 06:46:37 +0000 2016","0","#TyoNews Hamilton Waspadai Kejutan-kejutan Ferrari: Lewis Hamilton antusias menyambut lanjutan Formula 1... https://t.co/Mb5y5Yym5L #News","715067691329957888","","","in","world","0","0","0","https://x.com/tyonews/status/715067691329957888","2290568168","tyonews"
"711461961377009664","Sun Mar 20 07:58:44 +0000 2016","0","Pelumba Mercedes Nico Rosberg menang di perlumbaan F1 GP Australia Lewis Hamilton (Mercedes) kedua dan Sebastian Vettel (Ferrari) ketiga","711461961377009664","","","in","ÜT: 3.160951,101.515811","0","0","0","https://x.com/razak_boss/status/711461961377009664","60090574","razak_boss"
"709915998011273217","Wed Mar 16 01:35:38 +0000 2016","0","Berita F1 2016: Ferrari Mustahil Duetkan Lewis Hamilton &amp; Sebastian Vettel! https://t.co/IpkUVMXXqL","709915998011273217","","","in","hiatus","0","0","0","https://x.com/exojjongim/status/709915998011273217","879028716","exojjongim"
"710418405422014464","Thu Mar 17 10:52:01 +0000 2016","0","Hamilton Mulai Waspadai Kebangkitan Ferrari: Lewis Hamilton mulai berhitung kekuatan para rival. Juara dunia d... https://t.co/ADi5Pixn6q","710418405422014464","","","in","North Celebes-Indonesia","0","0","0","https://x.com/dprayr/status/710418405422014464","358064598","dprayr"
"715057378350260224","Wed Mar 30 06:05:38 +0000 2016","0","Hamilton Waspadai Kejutan-kejutan Ferrari: Lewis Hamilton antusias menyambut lanjutan Formula 1 di balapan Gra... https://t.co/GVGxfABAUW","715057378350260224","","","in","North Celebes-Indonesia","0","0","0","https://x.com/dprayr/status/715057378350260224","358064598","dprayr"
"710520689124507649","Thu Mar 17 17:38:27 +0000 2016","0","Jelang GP Australia Hamilton: Persaingan Lebih Ketat Ferrari Diwaspadai: Lewis Hamilton mulai berhitung kekua... https://t.co/PFnfc4HjEm","710520689124507649","","","in","Bandung, Jawa Barat","0","0","0","https://x.com/aki_kuya/status/710520689124507649","2807752147","aki_kuya"
"701805919630450688","Mon Feb 22 16:29:04 +0000 2016","0","Times at 1705 1. Sebastian Vettel - Ferrari - 1:24.939 - 67 laps2. Lewis Hamilton - Mercedes -... https://t.co/gOXaw7VNKK via @ScribbleLive","701805919630450688","","","in","New York","0","0","0","https://x.com/jorges924/status/701805919630450688","584739617","jorges924"
"711465597960216576","Sun Mar 20 08:13:11 +0000 2016","0","PELUMBA Mercedes Nico Rosberg menang di perlumbaan F1 GP Australia Lewis Hamilton (Mercedes) kedua dan Sebastian Vettel (Ferrari) ketiga.","711465597960216576","","","in","","0","0","0","https://x.com/akurozz/status/711465597960216576","594813357","akurozz"
"711455732017704960","Sun Mar 20 07:33:59 +0000 2016","0","F1: Pemandu Mercedes Nico Rosberg menang GP Australia; rakan sepasukan Lewis Hamilton kedua &amp; Sebastian Vettel (Ferrari) ketiga.","711455732017704960","","","in","","0","0","0","https://x.com/akurozz/status/711455732017704960","594813357","akurozz"
"709916132703019008","Wed Mar 16 01:36:10 +0000 2016","0","Berita F1 2016: Ferrari Mustahil Duetkan Lewis Hamilton &amp; Sebastian Vettel! https://t.co/t0ckFPKqGl #sidomi","709916132703019008","","","in","Trhaps, Cstd, The K.","0","0","0","https://x.com/Kariona/status/709916132703019008","396616915","Kariona"
"667858663038586880","Sat Nov 21 00:14:48 +0000 2015","0","Hamilton Prediksikan Persaingan Lebih Ketat dengan Ferrari Musim Depan: Lewis Hamilton menilai performa Ferrari sudah makin mendekati...","667858663038586880","","","in","Indonesia","0","0","0","https://x.com/WahyuArifP/status/667858663038586880","902681954","WahyuArifP"
"715055227230101504","Wed Mar 30 05:57:05 +0000 2016","0","#sport Hamilton Waspadai Kejutan-kejutan Ferrari: Lewis Hamilton antusias menyambut lanjutan Formula 1 di bala... https://t.co/uPLpQ8BizX","715055227230101504","","","in","iPhone: 30.265146,-97.738235","0","0","0","https://x.com/indrasyam/status/715055227230101504","54449743","indrasyam"
"710417491097325568","Thu Mar 17 10:48:23 +0000 2016","0","Hamilton Mulai Waspadai Kebangkitan Ferrari: Lewis Hamilton mulai berhitung kekuatan para rival. Juara dunia d... https://t.co/D73KtH5joN","710417491097325568","","","in","Bogor","0","0","0","https://x.com/ApaaaaAjaaaa_/status/710417491097325568","89486100","ApaaaaAjaaaa_"
"715055252437864448","Wed Mar 30 05:57:11 +0000 2016","0","Hamilton Waspadai Kejutan-kejutan Ferrari: Lewis Hamilton antusias menyambut lanjutan Formula 1 di balapan Gra... https://t.co/nPeFg96yoT","715055252437864448","","","in","Bogor","0","0","0","https://x.com/ApaaaaAjaaaa_/status/715055252437864448","89486100","ApaaaaAjaaaa_"
"596017075300081664","Wed May 06 18:21:58 +0000 2015","1","'Ferrari Tak Butuh Lewis Hamilton' http://t.co/qrSgIADDX4 http://t.co/ir6NrK7JXV","596017075300081664","https://pbs.twimg.com/media/CEV6XzzUEAA3BZH.jpg","","in","","0","0","3","https://x.com/VIVAcoid/status/596017075300081664","41730943","VIVAcoid"
"661111678407430144","Mon Nov 02 09:24:41 +0000 2015","4","Group test: Porsche Cayman GT4 vs Honda NSX vs Ferrari 355 https://t.co/OpoZoWszpk via @TheDarkStormy1 @autocar https://t.co/q1wklN4zsy","661111678407430144","https://pbs.twimg.com/media/CSy9kTmWwAATkK1.jpg","","in","England","0","1","2","https://x.com/theseoldcars/status/661111678407430144","84637834","theseoldcars"
"615150502523891712","Sun Jun 28 13:31:23 +0000 2015","0"," Sebastian Vettel and Lewis Hamilton by lillakaterina #f1 #Mercedes #Ferrari http://t.co/85b8Yvrykr","615150502523891712","","","in","Motorsport Valley","0","0","0","https://x.com/EvieElysia/status/615150502523891712","119860478","EvieElysia"
"629349000488058881","Thu Aug 06 17:51:09 +0000 2015","0"," Sebastian Vettel and Lewis Hamilton by lillakaterina #F1 #Ferrari #SV5 #Mercedes #LH44 http://t.co/85b8Yvrykr","629349000488058881","","","in","Motorsport Valley","0","0","0","https://x.com/EvieElysia/status/629349000488058881","119860478","EvieElysia"
"628811005691330560","Wed Aug 05 06:13:21 +0000 2015","18","#F1 Fernando Alonso (Ferrari) - Lewis Hamilton (McLaren) - 2012 http://t.co/Gzcww8qjP2","628811005691330560","https://pbs.twimg.com/media/CLn8Rs-WIAADvS0.jpg","","in","Huelva, Spain","0","2","12","https://x.com/WinfieldF1/status/628811005691330560","68396939","WinfieldF1"
"662320982334570496","Thu Nov 05 17:30:02 +0000 2015","13","Lewis Hamilton in his new Ferrari LaFerrari! by Joe Jonas https://t.co/uRrAz6rcsL","662320982334570496","","","in","","0","1","3","https://x.com/Shmee150/status/662320982334570496","114517074","Shmee150"
"640361034482601984","Sun Sep 06 03:09:02 +0000 2015","0","F1: Lewis Hamilton claims pole at Italian GP but Ferrari keeps pace - CNN http://t.co/LuBGxntWwc http://t.co/uqRbwkrmqV","640361034482601984","https://pbs.twimg.com/media/COME987WwAAcNth.jpg","","in","The North Sea","0","0","1","https://x.com/F1ism/status/640361034482601984","46376744","F1ism"
"625276298999500800","Sun Jul 26 12:07:41 +0000 2015","7","Ferrari. Wow. Oh Lewis Lewis Lewis... #SkyF1","625276298999500800","","","in","London","0","1","1","https://x.com/SkySportsDavid/status/625276298999500800","19318400","SkySportsDavid"
"641107219996475392","Tue Sep 08 04:34:07 +0000 2015","0","Pembalap andalan Ferrari Sebastian Vettel menyatakan Lewis Hamilton memang pantas menjuarai GP Italia. http://t.co/UhMjoy3Rrp","641107219996475392","","","in","Central Java, Indonesia","0","0","0","https://x.com/kontenkamil/status/641107219996475392","2323412713","kontenkamil"
"667855508934553600","Sat Nov 21 00:02:16 +0000 2015","0","Lewis Hamilton menilai performa Ferrari sudah makin mendekati Mercedes. Perkembangan tersebut menurut Hamilton... https://t.co/k5YffkfyDq","667855508934553600","","","in","Central Java, Indonesia","0","0","0","https://x.com/kontenkamil/status/667855508934553600","2323412713","kontenkamil"
"631109776362106880","Tue Aug 11 14:27:50 +0000 2015","1","#F1DreamTeam Drivers: Lewis Hamilton &amp; Ayrton Senna Car: Ferrari F10 Team boss: Adrian Newey","631109776362106880","","","in","","0","1","0","https://x.com/Lancelot1444/status/631109776362106880","893586631","Lancelot1444"
"626355248693514240","Wed Jul 29 11:35:03 +0000 2015","1","Ia pernah di tim Mclaren Renault Minardi dan Ferrari! Jawab! A. Lewis Hamilton B. Fernando Alonso C. Mark Webber http://t.co/bAMOUgQh8c","626355248693514240","https://pbs.twimg.com/media/CKvKIxHUAAAmswS.jpg","","in","","0","16","16","https://x.com/CastrolBuddy/status/626355248693514240","1054193646","CastrolBuddy"
"640172501604040705","Sat Sep 05 14:39:52 +0000 2015","0","Hamilton takes pole as Ferrari separate Mercedes: Mercedes AMG Petronas driver Lewis Hamilton has ... http://t.co/MGLIFc3uLk #f1 #f1news","640172501604040705","","","in","Carlow, Ireland","0","0","0","https://x.com/thomasmaheronf1/status/640172501604040705","299438651","thomasmaheronf1"
"648030703574081537","Sun Sep 27 07:05:34 +0000 2015","0","#NotizieAnsia Formula 1: in Giappone vince Lewis Hamilton Ferrari di Sebastian Vettel 3/a http://t.co/pdxkLT11SF","648030703574081537","","","in","Predappio Dux ","0","0","0","https://x.com/VELOSPORT1960/status/648030703574081537","479458968","VELOSPORT1960"
"644930483906846720","Fri Sep 18 17:46:24 +0000 2015","0","Fernando back at McLaren. Kimi back at Ferrari. Lewis at Mercedes. https://t.co/Ict1XJ04jU","644930483906846720","","","in","Hartford, CT","0","0","0","https://x.com/rjoconnell/status/644930483906846720","18923237","rjoconnell"
"596714066460037120","Fri May 08 16:31:34 +0000 2015","0","GP Spagna Formula 1 2015 libere 2: Lewis Hamilton davanti alla Ferrari di Sebastian Vettel: Lewis Hamilton fa... http://t.co/S4OyhTAtSv","596714066460037120","","","in","","0","0","0","https://x.com/f1world_it/status/596714066460037120","114015742","f1world_it"
"617695133362839553","Sun Jul 05 14:02:50 +0000 2015","1","Formula 1 standing after #BritishGP .1- Lewis Hamilton - Mercedes - 1942- Nico Rosberg - Mercedes - 1773- Sebastian Vettel- Ferrari - 135","617695133362839553","","","in","Dubai","0","0","0","https://x.com/ItsMeSithu/status/617695133362839553","2430049045","ItsMeSithu"
"617764141814648832","Sun Jul 05 18:37:03 +0000 2015","0","#Ferrari #Register Lewis Hamilton http://t.co/egDSXGcMLN http://t.co/dfrIpnEerw","617764141814648832","https://pbs.twimg.com/media/CJK9NrsXAAAaOQg.jpg","","in","","0","0","0","https://x.com/anamera_top/status/617764141814648832","23296124","anamera_top"
"640170914131390464","Sat Sep 05 14:33:34 +0000 2015","0","Lewis Leads Ferrari in Monza http://t.co/XUbJoMr8sa #f1 #lewishamilton #mercedesbenzinformulaone #romaingrosjean","640170914131390464","","","in","Dublin City, Ireland","0","0","0","https://x.com/optimum_sports/status/640170914131390464","20969356","optimum_sports"
"645640696439902208","Sun Sep 20 16:48:32 +0000 2015","0","Sebastian Vettel wins as Lewis Hamilton retires in Singapore. FORZA FERRARI! #aintoveryet http://t.co/ZCDMMqajOt","645640696439902208","","","in","East Midlands - UK","0","0","0","https://x.com/AROCeastmids/status/645640696439902208","2342646775","AROCeastmids"
"589117401750446080","Fri Apr 17 17:25:08 +0000 2015","26","Ferrari's #BahrainGP pace 'dangerous' to Mercedes say Nico Rosberg and Lewis Hamilton: http://t.co/a3WiVyA8fe #F1 http://t.co/xwenTttJse","589117401750446080","https://pbs.twimg.com/media/CCz3J6OW8AEZBcq.jpg","","in","","0","0","35","https://x.com/autosport/status/589117401750446080","20517081","autosport"
"595998425658732545","Wed May 06 17:07:52 +0000 2015","2","'Ferrari Tak Butuh Lewis Hamilton' http://t.co/gYZyYrpi3J http://t.co/iJPwDcQXdQ","595998425658732545","https://pbs.twimg.com/media/CEVpaQfUgAAEkub.jpg","","in","","0","0","4","https://x.com/VIVAcoid/status/595998425658732545","41730943","VIVAcoid"
"595291308530520064","Mon May 04 18:18:02 +0000 2015","0","Lewis Hamilton to Ferrari? http://t.co/kMeW598aIa #F1 http://t.co/UzWns8CZzo","595291308530520064","https://pbs.twimg.com/media/CELl7XwVEAEvCjY.png","","in","Toronto","0","0","0","https://x.com/RDSinEnglish/status/595291308530520064","529503403","RDSinEnglish"
"595511235539443712","Tue May 05 08:51:57 +0000 2015","0","Ferrari Bantah Bakal Gaet Lewis Hamilton: Pimpinan Scuderia Ferrari Maurizio Arrivabene membantah keras-keras... http://t.co/6e8aX0TZQh","595511235539443712","","","in","","0","0","0","https://x.com/fajriyuda/status/595511235539443712","454637175","fajriyuda"
"595124097450774528","Mon May 04 07:13:36 +0000 2015","0","Ferrari: Kami Tak Butuh Lewis Hamilton http://t.co/d8YHLmn1jv http://t.co/3fTEMM7yFN","595124097450774528","https://pbs.twimg.com/media/CEJONqNVIAA0i8e.png","","in","Indonesia","0","0","0","https://x.com/RajaMobilCom/status/595124097450774528","296735829","RajaMobilCom"
"590387530165456896","Tue Apr 21 05:32:10 +0000 2015","0","Ferrari Ternyata Bantu Lewis Hamilton http://t.co/9JtAG69FYv http://t.co/mFxdUODPpP","590387530165456896","https://pbs.twimg.com/media/CDF6VJ-UsAE9mYM.png","","in","Indonesia","0","0","1","https://x.com/RajaMobilCom/status/590387530165456896","296735829","RajaMobilCom"
"589421178411814915","Sat Apr 18 13:32:14 +0000 2015","0","Berita F1 2015: Lewis Hamilton Diminta Hengkang dari Mercedes ke Ferrari: Berita F1 2015 Lewis Hamil... http://t.co/zu8TfQV3OZ","589421178411814915","","","in","Makassar City, Indonesia","0","0","0","https://x.com/ndrii_freedom/status/589421178411814915","498721931","ndrii_freedom"
"595542642395516928","Tue May 05 10:56:45 +0000 2015","0","Bos Ferrari sebut tidak butuh Lewis Hamilton untuk menggantikan Raikkonen http://t.co/fI78pZKkeE #TopSkorOnline","595542642395516928","","","in","Indonesia","0","1","0","https://x.com/skorindonesia/status/595542642395516928","858220483","skorindonesia"
"595462436074823680","Tue May 05 05:38:02 +0000 2015","0","Ferrari: Kami Tidak Butuh Lewis Hamilton.. http://t.co/c6fFPzEtmO cc: @FerraristaIndo http://t.co/kV8UUnRfh7","595462436074823680","https://pbs.twimg.com/media/CEN_4KLUUAAeuMj.jpg","","in","ÜT: -6.343318,106.78328","0","0","1","https://x.com/DapurPacu/status/595462436074823680","69741546","DapurPacu"
"595570489923362818","Tue May 05 12:47:24 +0000 2015","0","Lewis Hamilton Ferrari'ye mi? http://t.co/n4oyEx22CA","595570489923362818","","","in","Türkiye","0","0","0","https://x.com/Eurosport_TR/status/595570489923362818","186010542","Eurosport_TR"
"595473705863548929","Tue May 05 06:22:49 +0000 2015","0","Ferrari: Kami Tidak Butuh Lewis Hamilton: MARANELLO (DP) Ferrari membantah beredarnya spekulasi bahwa mereka... http://t.co/5oGJKKrenf","595473705863548929","","","in","ÜT: -6.318168,106.886247","0","0","0","https://x.com/agoonk_k/status/595473705863548929","77697137","agoonk_k"
"595731049273020419","Tue May 05 23:25:24 +0000 2015","0","#OpenFollow Berita F1 2015: Ferrari Tak Tertarik Lewis Hamilton Tapi Minati Valtteri Bottas http://t.co/nSYL9vg8V1 #TeamFollowBack","595731049273020419","","","in","Hottest","0","0","0","https://x.com/jwy_es/status/595731049273020419","2239487215","jwy_es"
"595511266044608512","Tue May 05 08:52:04 +0000 2015","0","Ferrari Bantah Bakal Gaet Lewis Hamilton http://t.co/ANzQ22WdjY","595511266044608512","","","in","Bandung Blasteran Solo","0","0","0","https://x.com/txtdarihafidddd/status/595511266044608512","2215315982","txtdarihafidddd"
"595727451831021569","Tue May 05 23:11:07 +0000 2015","0","Berita F1 2015: Ferrari Tak Tertarik Lewis Hamilton Tapi Minati Valtteri Bottas http://t.co/0hBIHwtIvl #sidomi","595727451831021569","","","in","Trhaps, Cstd, The K.","0","0","0","https://x.com/Kariona/status/595727451831021569","396616915","Kariona"
"595451754931621888","Tue May 05 04:55:35 +0000 2015","0","#News: Ferrari: Kami Tidak Butuh Lewis Hamilton: MARANELLO (DP) Ferrari membantah beredarnya spekulasi bahwa... http://t.co/2IvqYvXKtv","595451754931621888","","","in","Indonesia","0","0","0","https://x.com/The_VR46/status/595451754931621888","1222604826","The_VR46"
"596000835957456896","Wed May 06 17:17:27 +0000 2015","0","[SPORT] 'Ferrari Tak Butuh Lewis Hamilton' http://t.co/0pjIJIHZaY Olahraga Biar Sehat","596000835957456896","","","in","Bandung Coret","0","0","0","https://x.com/GtxMultitester/status/596000835957456896","2562408504","GtxMultitester"
"596002313891774464","Wed May 06 17:23:19 +0000 2015","0","#BeritaBaru 'Ferrari Tak Butuh Lewis Hamilton': Arrivabene mengaku butuh pembalap muda berbakat. http://t.co/TEh1jrskUN #MentionFollFollback","596002313891774464","","","in","Indonesia","0","0","0","https://x.com/WahyuArifP/status/596002313891774464","902681954","WahyuArifP"
"595515779098943488","Tue May 05 09:10:00 +0000 2015","0","Ferrari Bantah Bakal Gaet Lewis Hamilton: Pimpinan Scuderia Ferrari Maurizio Arrivabene membantah keras-keras... http://t.co/E2nWeUl32O","595515779098943488","","","in","","0","0","0","https://x.com/_riz_w_/status/595515779098943488","2764735308","_riz_w_"
"595516784544907264","Tue May 05 09:14:00 +0000 2015","0","Ferrari Bantah Bakal Gaet Lewis Hamilton http://t.co/oR5WcRRbdR","595516784544907264","","","in","","0","0","0","https://x.com/futozes/status/595516784544907264","2952281751","futozes"
"595512832256397313","Tue May 05 08:58:17 +0000 2015","0","Ferrari Bantah Bakal Gaet Lewis Hamilton: Pimpinan Scuderia Ferrari Maurizio Arrivabene membantah keras-keras... http://t.co/gNtt0GOxEU","595512832256397313","","","in","Palopo","0","0","0","https://x.com/Alkhyiii/status/595512832256397313","346171981","Alkhyiii"
"586454324881965057","Fri Apr 10 09:03:01 +0000 2015","1","FP2: Lewis P1 but Ferrari not far behind - http://t.co/qUvfEOaNwe http://t.co/LEcHcCK9hQ","586454324881965057","https://pbs.twimg.com/media/CCOBGeiUgAEc1OT.jpg","","in","","0","0","1","https://x.com/F1totheMaX/status/586454324881965057","3091342635","F1totheMaX"
"587174174596055042","Sun Apr 12 08:43:27 +0000 2015","1","Keputusan perlumbaan F1 Grand Prix China: 1. Lewis Hamilton (Mercedes). 2. Nico Rosberg (Mercedes) 3. Sebastian Vettel (Ferrari)","587174174596055042","","","in","Malaysia","0","0","3","https://x.com/mstaronline/status/587174174596055042","28749269","mstaronline"
"589049421750370306","Fri Apr 17 12:55:00 +0000 2015","0","Lewis Hamilton memprediksi Scuderia Ferrari akan menyulitkan Mercedes di GP Bahrain. http://t.co/wxnTMU4DMs","589049421750370306","","","in","Central Java, Indonesia","0","0","0","https://x.com/kontenkamil/status/589049421750370306","2323412713","kontenkamil"
"589088268546875393","Fri Apr 17 15:29:22 +0000 2015","1","#F1 Lewis to Ferrari....??? #F1Rumours http://t.co/ZXmC88zIOx","589088268546875393","","","in","Montréal, Québec","0","0","0","https://x.com/GPTravelerMedia/status/589088268546875393","203161338","GPTravelerMedia"
"586937120973053953","Sat Apr 11 17:01:29 +0000 2015","0","Hamilton Waspadai Ancaman Ferrari - Pebalap Mercedes Lewis Hamilton tidak over percaya diri usai mengamankan pole ... http://t.co/Hq6Oi36nAW","586937120973053953","","","in","Jakarta, Indonesia","0","0","0","https://x.com/UangTeman/status/586937120973053953","2762376031","UangTeman"
"582161318892826624","Sun Mar 29 12:44:09 +0000 2015","0","#InfoBola Kalah Hamilton Ucapkan Selamat pada Ferrari-Vettel: Lewis Hamilton memilih untuk bersikap legawa da... http://t.co/dAqVz4t7xY","582161318892826624","","","in","East Prussia","0","0","0","https://x.com/prazz_knoxville/status/582161318892826624","772401577","prazz_knoxville"
"587182042959384576","Sun Apr 12 09:14:43 +0000 2015","0","#oto F1 China 2015: Lewis Hamilton Pecundangi Duo Ferrari http://t.co/14WxkmTFFd #AutoTekno","587182042959384576","","","in","Indonesia","0","0","0","https://x.com/autotekno/status/587182042959384576","1578037213","autotekno"
"586715384775966720","Sat Apr 11 02:20:23 +0000 2015","0","#berita Lewis Hamilton menyebut Ferrari sebagai ancaman pada gelaran GP China http://t.co/xwomztjAnA","586715384775966720","","","in","Pekanbaru","0","0","0","https://x.com/pisangungupku/status/586715384775966720","2362517983","pisangungupku"
"587180867468054528","Sun Apr 12 09:10:02 +0000 2015","0","F1 China 2015: Lewis Hamilton Pecundangi Duo Ferrari http://t.co/wuBB9UNbJ7 #1beritaotomotif #otomotif http://t.co/XQwWb9QOsG","587180867468054528","https://pbs.twimg.com/media/CCYV400WgAEseH4.jpg","","in","DKI Jakarta","0","0","0","https://x.com/1beritaotomotif/status/587180867468054528","2468984760","1beritaotomotif"
"588970842148573185","Fri Apr 17 07:42:45 +0000 2015","0","#Sport #OpenFollow Perseteruan Duo Mercedes Bukah Berkah Ferrari: Perseteruan Lewis Hamilton d... http://t.co/5ChCSkGFSa #TeamFollowBack","588970842148573185","","","in","Hottest","0","0","0","https://x.com/jwy_es/status/588970842148573185","2239487215","jwy_es"
"586715443106201601","Sat Apr 11 02:20:36 +0000 2015","0","#SeputarRiau Lewis Hamilton Waspadai Ferrari http://t.co/yl1dzLUr2Y via [tribun]","586715443106201601","","","in","Riau PekanBaru","0","0","0","https://x.com/InfoRiau_/status/586715443106201601","3022859070","InfoRiau_"
"582160908710875137","Sun Mar 29 12:42:31 +0000 2015","0","Kalah Hamilton Ucapkan Selamat pada Ferrari-Vettel: Lewis Hamilton memilih untuk bersikap legawa dan sportif ... http://t.co/7CItJKGW9d","582160908710875137","","","in","Indonesia","0","0","0","https://x.com/WahyuArifP/status/582160908710875137","902681954","WahyuArifP"
"582198332866453506","Sun Mar 29 15:11:13 +0000 2015","0","Vettel Juara Lewis Hamilton Runner-Up *Ferrari Juara Setelah 2013 #sportekspres","582198332866453506","","","in","Cianjur, Indonesia","0","0","0","https://x.com/cianjurekspres/status/582198332866453506","393493493","cianjurekspres"
"586451924083322880","Fri Apr 10 08:53:29 +0000 2015","0","FP2: Lewis P1 but Ferrari not far behind http://t.co/eU6JGUoceK #f1 #planetf1","586451924083322880","","","in","","0","0","1","https://x.com/f1rightnow/status/586451924083322880","95274145","f1rightnow"
"587182061368184832","Sun Apr 12 09:14:47 +0000 2015","0","#News: F1 China 2015: Lewis Hamilton Pecundangi Duo Ferrari: SHANGHAI (DP) Lewis Hamilton sukses mempertahan... http://t.co/iADIegRq2n","587182061368184832","","","in","Indonesia","0","0","0","https://x.com/The_VR46/status/587182061368184832","1222604826","The_VR46"
"582151146933882880","Sun Mar 29 12:03:43 +0000 2015","0","#VENEWS Gagal Menang di Malaysia Hamilton Akui Ferrari Lebih Cepat: Lewis Hamilton mengaku http://t.co/0vpHEnAwgc","582151146933882880","","","in","Sulawesi Selatan - 61 UHF","0","0","0","https://x.com/vechannel61/status/582151146933882880","2294636558","vechannel61"
"589062916717940737","Fri Apr 17 13:48:38 +0000 2015","0","Ferrari Akan Menyulitkan di Bahrain: Lewis Hamilton memprediksi Scuderia Ferrari akan menyulitkan Mercedes di ... http://t.co/pqaROSp5Vm","589062916717940737","","","in","Indonesia","0","0","0","https://x.com/rexi_ti/status/589062916717940737","2384700384","rexi_ti"
"582152883438682112","Sun Mar 29 12:10:37 +0000 2015","0","Beaten Lewis Hamilton applauds Ferrari Sebastian Vettel in Malaysia http://t.co/c6MpeqA5ZE #HatsForward","582152883438682112","","","in","","0","0","0","https://x.com/tonituler/status/582152883438682112","222853186","tonituler"
"586652403111305216","Fri Apr 10 22:10:07 +0000 2015","0","Lewis Hamilton Anggap Ferrari Sebagai Ancaman http://t.co/dK42n2PCb5","586652403111305216","","","in","Indonesia","0","0","0","https://x.com/indobc_id/status/586652403111305216","165466696","indobc_id"
"586942349730643968","Sat Apr 11 17:22:15 +0000 2015","0","#bolanews Hamilton Waspadai Ancaman Ferrari: Pebalap Mercedes Lewis Hamilton tidak over percaya d... http://t.co/1D9bgN4d0O #justfolback","586942349730643968","","","in","Indonesia","0","0","0","https://x.com/sirait/status/586942349730643968","301823572","sirait"
"582102357401575424","Sun Mar 29 08:49:51 +0000 2015","0","Lewis/Mercedes vs. Seb/Ferrari in 2015? Delicious #F1 http://t.co/tCqEQyhr1X","582102357401575424","","","in","","0","0","0","https://x.com/mattspivey91/status/582102357401575424","391798855","mattspivey91"
"577150068404436992","Sun Mar 15 16:51:13 +0000 2015","1","Tremendo podium en Australia F1: Lewis Hamilton (1) Niko Rodsberg (2) Sebastian Vettel (3) en Ferrari. Mercedes 1 y2 http://t.co/EHotZhVkT7","577150068404436992","https://pbs.twimg.com/media/CAJy2aXWAAEE3Kf.jpg","","in","Cali, Colombia","0","1","2","https://x.com/falavi2005/status/577150068404436992","187405573","falavi2005"
"582101863006228480","Sun Mar 29 08:47:53 +0000 2015","0","#GPMalasia 1.- Sebastian Vettel (Ferrari) 2.- Lewis Hamilton (Mercedes) 3.- Nico Rosberg (Mercedes) Yujuuuu #ForzaFerrari #fb","582101863006228480","","","in","Celaya Guanajuato","0","0","0","https://x.com/laloFT13/status/582101863006228480","96783440","laloFT13"
"582101451750535168","Sun Mar 29 08:46:15 +0000 2015","3","GP Malaysia di Sepang tuntas dengan Sebastian Vettel dari Ferrari menjadi pemenang! Lewis Hamilton dan Nico Rosberg melengkapi podium","582101451750535168","","","in","Jakarta","0","7","48","https://x.com/detiksport/status/582101451750535168","135783107","detiksport"
"581473140791967744","Fri Mar 27 15:09:34 +0000 2015","0","Sepang #FP2: Lewis #Hamilton davanti #Ferrari molto vicina .. http://t.co/lwetJ7VhYE #MalaysiaGP http://t.co/VnCZ9GXQif","581473140791967744","https://pbs.twimg.com/media/CBHOvUbWYAAUU62.jpg","","in","Italia","0","0","0","https://x.com/TweetByWire/status/581473140791967744","2192762762","TweetByWire"
"581870165501034496","Sat Mar 28 17:27:12 +0000 2015","0","Asi largaran en Malasia F1: 1.-Lewis Hamilton (Mercedes) 2.-Sebastian Vettel (Ferrari) 3.-Nico Rosberg (Mercedes). 4.-D.Ricciardo (Red Bull)","581870165501034496","","","in","Santiago, República Dominicana","0","1","0","https://x.com/rollingfermin/status/581870165501034496","197527526","rollingfermin"
"577053288970883074","Sun Mar 15 10:26:39 +0000 2015","0","Hamilton berharap Mercedes disaingi Ferrari: Lewis Hamilton mengatakan Ferrari bisa menyaingi Mercedes tahun ini kendati tertinggal 3...","577053288970883074","","","in","","0","0","0","https://x.com/Daddy_Ronnii/status/577053288970883074","628381901","Daddy_Ronnii"
"582101180811182080","Sun Mar 29 08:45:11 +0000 2015","0","Malaysian GP: 1. Sebastian Vettel (Ferrari) 2. Lewis Hamilton (Mercedes) 3. Nico Rosberg (Mercedes). #F1","582101180811182080","","","in","","0","0","0","https://x.com/MihaZakelj/status/582101180811182080","355420517","MihaZakelj"
"581765884391211009","Sat Mar 28 10:32:50 +0000 2015","0","Pusingan kelayakan F1 GP Malaysia: 1.Lewis Hamilton (Mercedes) 2. Sebastian Vettel (Ferrari) 3.Nico Rosberg (Mercedes) #f1malaysia #sic","581765884391211009","","","in","Malaysia","0","0","3","https://x.com/mstaronline/status/581765884391211009","28749269","mstaronline"
"581787412164005888","Sat Mar 28 11:58:22 +0000 2015","0","Pole position GP Malaysia menjadi milik pebalap Mercedes Lewis Hamilton. Pebalap Ferrari Sebastian Vettel ada ... http://t.co/SE2xXZmMoc","581787412164005888","","","in","Central Java, Indonesia","0","0","0","https://x.com/kontenkamil/status/581787412164005888","2323412713","kontenkamil"
"574895502900133888","Mon Mar 09 11:32:23 +0000 2015","0","Lewis Hamilton em alta na Ferrari #LH44 TRI2015 http://t.co/xQWesFA6u8","574895502900133888","","","in","","0","0","0","https://x.com/LewisHamiltonFC/status/574895502900133888","1613527789","LewisHamiltonFC"
"582102671722708992","Sun Mar 29 08:51:06 +0000 2015","0","FOM putting Lewis in a Ferrari &amp; seb in merc","582102671722708992","","","in","Yorkshire","0","0","0","https://x.com/Hambone221/status/582102671722708992","196177815","Hambone221"
"581770043282837504","Sat Mar 28 10:49:21 +0000 2015","0","#Hamilton ancora in #pole ma #Ferrari quasi perVettel http://t.co/JpniZn1jse #GpMalaysia Lewis Hamilton Sebastian Vettel","581770043282837504","","","in","Roma","0","0","0","https://x.com/SSportNetwork/status/581770043282837504","428493932","SSportNetwork"
"581415719927074817","Fri Mar 27 11:21:24 +0000 2015","0","Hamilton Mengaku Terkejut dengan Laju Ferrari: Pebalap Mercedes Lewis Hamilton mengaku tidak menyangka dengan ... http://t.co/QM1LmeWoJH","581415719927074817","","","in","North Celebes-Indonesia","0","0","0","https://x.com/dprayr/status/581415719927074817","358064598","dprayr"
"563239731782508547","Thu Feb 05 07:36:31 +0000 2015","0","#Vettel #fastest #Lewis #does #more #laps: Jerez Spain Ferrari's Sebastian Vettel was http://t.co/JLARz81Gk6","563239731782508547","","","in","Bandung","0","0","0","https://x.com/usumtwit/status/563239731782508547","1399113342","usumtwit"
"581390285030092800","Fri Mar 27 09:40:20 +0000 2015","0","Hamilton Mengaku Terkejut dengan Laju Ferrari: Pebalap Mercedes Lewis Hamilton mengaku tidak menyangka dengan ... http://t.co/veb9mHcBqP","581390285030092800","","","in","Antelope Park No. 322, Saskatc","0","0","0","https://x.com/affelah/status/581390285030092800","230799446","affelah"
"577053797479944193","Sun Mar 15 10:28:41 +0000 2015","0","Hamilton berharap Mercedes disaingi Ferrari: Lewis Hamilton mengatakan Ferrari bisa menyaingi Mercedes tahun i... http://t.co/YFutHrZBVZ","577053797479944193","","","in","Planet Mars","0","0","0","https://x.com/bubukkopi_/status/577053797479944193","1036461709","bubukkopi_"
"582102092526940160","Sun Mar 29 08:48:48 +0000 2015","0","F1 2015 Round 2 Malaysian GP Result 1. Sebastian Vettel - Ferrari 2. Lewis Hamilton - Mercedes 3. Nico Rosberg - Mercedes","582102092526940160","","","in","Sendai City Japan","0","0","0","https://x.com/ippatsu_sendai/status/582102092526940160","85259304","ippatsu_sendai"
"579222439244271616","Sat Mar 21 10:06:05 +0000 2015","1","Lewis Hamilton Buys Potent Ferrari LaFerrari - GTspirit - GTspirit Lewis Hamilton Buys Potent Ferrari LaFerrari GT... http://t.co/CkAUDLnttf","579222439244271616","","","in","F1 Paddock","0","0","0","https://x.com/F1BreakingNews/status/579222439244271616","83215611","F1BreakingNews"
"581401447184494593","Fri Mar 27 10:24:41 +0000 2015","0","Hamilton Mengaku Terkejut dengan Laju Ferrari: Pebalap Mercedes Lewis Hamilton mengaku tidak menyangka dengan ... http://t.co/UmLgWyTcUC","581401447184494593","","","in","Tangerang","0","0","0","https://x.com/yopermana/status/581401447184494593","2280084733","yopermana"
"313714563763798017","Mon Mar 18 18:12:35 +0000 2013","0","#F1 WDC; #Kimi 25pts #Alo 18pts #Seb 15pts Massa 12 Lewis 10. WCC; Ferrari 30pts Lotus 26pts RBR 23 Merc 10pts http://t.co/9MdKkO3fH5","313714563763798017","https://pbs.twimg.com/media/BFqJu86CAAAWkXJ.jpg","","in","","0","0","0","https://x.com/fi_sonic/status/313714563763798017","91182729","fi_sonic"
"371624979802365952","Sun Aug 25 13:27:54 +0000 2013","0","Asi termina el #GPBelgica #F1 1) Sebastian Vettel #Redbull 2) Fernando Alonso #Ferrari 3)Lewis Hamilton #MercedesBenz 44/44","371624979802365952","","","in","Rep. Dom & Nueva York, USA","0","0","0","https://x.com/ElFanaticoDom/status/371624979802365952","428590612","ElFanaticoDom"
"371887753212227584","Mon Aug 26 06:52:04 +0000 2013","0","Result Belgian F1 GP: 1 Sebastian Vettel Red Bull Racing-Renault 2 Fernando Alonso Ferrari 3 Lewis Hamilton Mercedes http://t.co/AyUHikwKaJ","371887753212227584","https://pbs.twimg.com/media/BSk18OWIcAAUu_g.jpg","","in","Ireland","0","0","3","https://x.com/F1RacingTickets/status/371887753212227584","440993610","F1RacingTickets"
"351297886836899840","Sun Jun 30 11:15:17 +0000 2013","0","2013 #F1 CANADIAN GRAND PRIX RESULTS P1 Sebastian Vettel/Red Bull 2 Fernando Alonso/Ferrari 3 Lewis Hamilton/Mercedes #F113YUL #YUL #points","351297886836899840","","","in","BCN GRZ LTN BUD LGG YYZ","0","0","2","https://x.com/F1racing/status/351297886836899840","9288972","F1racing"
"349529944092717058","Tue Jun 25 14:10:07 +0000 2013","0","Mau jdi apa? RT @RepublikF1: #F1: Lewis Hamilton: Ferrari masih mengusik pikiran saya dan saya punya impian membalap disana suatu hari nanti","349529944092717058","","","in","","0","0","0","https://x.com/eghiize/status/349529944092717058","339623346","eghiize"
"343138841890287617","Fri Jun 07 22:54:09 +0000 2013","0","#Formula1 - Canadian GP: Ferrari's Fernando #Alonso heads Lewis Hamilton http://t.co/I1btVVA6K0","343138841890287617","","","in","deutscher Sprachraum","0","0","1","https://x.com/mycomfor/status/343138841890287617","257088949","mycomfor"
"350094471205097472","Thu Jun 27 03:33:21 +0000 2013","0","Meski mengaku nyaman membela Mercedes saat ini Lewis Hamilton mengaku tak akan menolak jika dipinang oleh Scuderia Ferrari suatu saa...","350094471205097472","","","in","Subang, Jawa Barat","0","0","0","https://x.com/GEMAWAHYUH/status/350094471205097472","15503908","GEMAWAHYUH"
"344509583223558144","Tue Jun 11 17:40:59 +0000 2013","1","Lewis Hamilton at Mercedes until 2015 Sebastian Vettel at Red Bull until 2015 Fernando Alonso at Ferrari until 2016","344509583223558144","","","in","England, United Kingdom","0","0","9","https://x.com/DanielPerkin/status/344509583223558144","342310020","DanielPerkin"
"380912267136466944","Fri Sep 20 04:32:16 +0000 2013","0","Hamilton: Duet Alonso &amp; Raikkonen Menakutkan!: Lewis Hamilton angkat bicara mengenai duet pembalap Ferrari F... http://t.co/gWujD2gPZb","380912267136466944","","","in","Situ","0","0","0","https://x.com/gembokpintu/status/380912267136466944","432294200","gembokpintu"
"380911543224774656","Fri Sep 20 04:29:23 +0000 2013","0","Lewis Hamilton angkat bicara mengenai duet pembalap Ferrari Fernando Alonso dan Kimi Raikkonen musim depan. Menurutnya duo Ferrar...","380911543224774656","","","in","Subang, Jawa Barat","0","0","0","https://x.com/GEMAWAHYUH/status/380911543224774656","15503908","GEMAWAHYUH"
"291495772325806080","Wed Jan 16 10:43:02 +0000 2013","0","Ferrari favour Sebastian Vettel over Lewis Hamilton - http://t.co/gJgaKsNg http://t.co/BF5X1rBg #motorsport #f1 #news","291495772325806080","","","in","Around the world","0","1","6","https://x.com/f1_vettel/status/291495772325806080","26121279","f1_vettel"
"315268553202860033","Sat Mar 23 01:07:35 +0000 2013","0","Lewis Hamilton: Mercedes-nya blum secepat mobil tim Lotus Ferrari atau Red Bull. Jadi agak sulit menjadi juara dunia F1 musim ini. #MGW","315268553202860033","","","in","Jakarta, Indonesia","0","0","2","https://x.com/884OkezoneRadio/status/315268553202860033","44571893","884OkezoneRadio"
"372110588324765696","Mon Aug 26 21:37:32 +0000 2013","0","Lewis Hamilton Mercedes AMG F1 and Fernando Alonso Ferrari http://t.co/0n0mGf8f4q via @motorsport #F1 #photography","372110588324765696","","","in","","0","0","0","https://x.com/mcrisever/status/372110588324765696","331834008","mcrisever"
"349533673512644610","Tue Jun 25 14:24:56 +0000 2013","0","cetarr bgt kayanya kalo Lewis Hamilton di Ferrari nanti haha","349533673512644610","","","in","+62","0","0","0","https://x.com/ilhamsyah_p/status/349533673512644610","723780469","ilhamsyah_p"
"323396685558591488","Sun Apr 14 11:25:52 +0000 2013","0","Pebalap Ferrari Fernando Alonso berhasil memenangi balapan seri ketiga musim ini GP China. Ia menggungguli Kimi Raikkonen dan Lewis Hamilton","323396685558591488","","","in","Bandung, West Java, Indonesia","0","0","0","https://x.com/PRFMnews/status/323396685558591488","150589950","PRFMnews"
"270259238587219969","Sun Nov 18 20:16:38 +0000 2012","0","Ferrari Lewis #USGP","270259238587219969","","","in","Budapest","0","0","0","https://x.com/vaandor/status/270259238587219969","59806658","vaandor"
"251617559873478659","Fri Sep 28 09:41:15 +0000 2012","0","Hahaha Lewis Out. Ferrari One. #highlightoftheday","251617559873478659","","","in","Singapore","0","0","0","https://x.com/jonathanjames_/status/251617559873478659","20366350","jonathanjames_"
"282087140165312513","Fri Dec 21 11:36:29 +0000 2012","1","RT @ibnliveSports: Ferrari prefer Sebastian Vettel to Lewis Hamilton http://t.co/41RIwxNn","282087140165312513","","","in","India","0","0","0","https://x.com/CNNnews18/status/282087140165312513","6509832","CNNnews18"
"371650810855161856","Sun Aug 25 15:10:32 +0000 2013","0","Belgian G.P:1.Sebastian Vettel-RedBull2.Fernando Alonso-Ferrari3.Lewis Hamilton-Mercedes4.Nico Rosberg-Mercedes5.Mark Webber-RedBull","371650810855161856","","","in","Kenya","0","0","0","https://x.com/NyanjomJack/status/371650810855161856","296689419","NyanjomJack"
"377785945841762304","Wed Sep 11 13:29:23 +0000 2013","0","Button yg pernah di Ferrari @cygnusstar: *plus* ngdukung Jenson Button jg *Jenson Button prh di Ferrari'kan? (˚˛˚?) .. Atau Lewis Hamilton","377785945841762304","","","in","bandung-garut","0","0","0","https://x.com/heri_h_/status/377785945841762304","68390005","heri_h_"
"249817890361049088","Sun Sep 23 10:30:01 +0000 2012","1","2012 #F1 ITALIAN GRAND PRIX RESULTS P1 Lewis Hamilton/McLaren 2 Sergio Perez/Red Bull 3 Fernando Alonso/Ferrari #F112LIN #LIN #points","249817890361049088","","","in","BCN GRZ LTN BUD LGG YYZ","0","2","2","https://x.com/F1racing/status/249817890361049088","9288972","F1racing"
"245489005590884352","Tue Sep 11 11:48:34 +0000 2012","0","#f1 Ferrari wary of Kimi and Lewis: Ferrari team boss Stefano Domenicali believes Kimi Raikkonen and Lewis Hamil... http://t.co/05A5Jdxv","245489005590884352","","","in","","0","2","2","https://x.com/Planet_F1/status/245489005590884352","23076265","Planet_F1"
"183876174475300864","Sun Mar 25 11:21:10 +0000 2012","0","Petronas Malaysia GP 1st Fernando Alonso - Ferrari 2nd Sergio Perez - Sauber Ferrari 3rd Lewis Hamilton - Mclaren AMG Mercedes","183876174475300864","","","in","Subang/Besut","0","0","0","https://x.com/AzrulAzmihan/status/183876174475300864","308899661","AzrulAzmihan"
"183992564398043137","Sun Mar 25 19:03:40 +0000 2012","0","#F1-Final Malasia 1. Fernando Alonso Ferrari 2:44:51.812 2. Sergio Perez Sauber +2.263 3. Lewis Hamilton McLaren +14.591.","183992564398043137","","","in","Buenos Aires, Argentina","0","0","1","https://x.com/Polepositionweb/status/183992564398043137","273541385","Polepositionweb"
"244792792281403393","Sun Sep 09 13:42:04 +0000 2012","0","F1 Italian GP results: 1. Lewis Hamilton (McLaren) 2. Sergio Perez (Sauber-Ferrari) 3. Fernando Alonso (Ferarri)","244792792281403393","","","in","Malaysia","0","0","7","https://x.com/501Awani/status/244792792281403393","497665754","501Awani"
"244077017073610752","Fri Sep 07 14:17:50 +0000 2012","0","Hamilton Pimpin McLaren Kalahkan Ferrari: Duo McLaren Lewis Hamilton dan Jenson Button kalahkan duo Ferrari F... http://t.co/KJnzhXt","244077017073610752","","","in","","0","0","0","https://x.com/ilmansam_/status/244077017073610752","126823279","ilmansam_"
"216913481599954944","Sun Jun 24 15:19:38 +0000 2012","0","Lewis Hamilton to ferrari. Hmmmm..","216913481599954944","","","in","London, England ","0","0","0","https://x.com/_mattwyatt/status/216913481599954944","331758734","_mattwyatt"
"135735623989469185","Sun Nov 13 15:07:49 +0000 2011","0","Results 2011 #F1 GP of Abu Dhabi: 1. Lewis Hamilton/McLaren 2. Fernando Alonso/Ferrari 3. Jenson Button/McLaren... http://t.co/KafL8sNX","135735623989469185","","","in","Amsterdam","0","0","0","https://x.com/F1Fansite/status/135735623989469185","117430336","F1Fansite"
"244072999660179456","Fri Sep 07 14:01:52 +0000 2012","0","Hamilton Pimpin McLaren Kalahkan Ferrari: Duo McLaren Lewis Hamilton dan Jenson Button kalahkan duo Ferrari F... http://t.co/cnjtSdWb","244072999660179456","","","in","kota banjir & kota macet ","0","0","0","https://x.com/bagus_koco21/status/244072999660179456","275991747","bagus_koco21"
"221613211424800768","Sat Jul 07 14:34:41 +0000 2012","0","Lewis 8th. Blah. - Ferrari/Alonso pole.","221613211424800768","","","in","","0","0","0","https://x.com/Steven8gerrard/status/221613211424800768","21747896","Steven8gerrard"
"244792715710185474","Sun Sep 09 13:41:46 +0000 2012","0","vettel 2008 pake mesin ferrari klo barrichello kan mantan ferrari am i right?RT @RepublikF1: Lewis Hamilton diberikan http://t.co/ohJk8ZdG","244792715710185474","","","in","Jakarta, Indonesia","0","0","0","https://x.com/mr_spectre_2811/status/244792715710185474","41088369","mr_spectre_2811"
"245493694533365760","Tue Sep 11 12:07:12 +0000 2012","0","Ferrari wary of Kimi and Lewis: Ferrari team boss Stefano Domenicali believes Kimi Raikkonen and Lewis Hamilton ... http://t.co/eO8JIShx","245493694533365760","","","in","Sydney","0","0","0","https://x.com/HJSNews/status/245493694533365760","31103302","HJSNews"
"211923628395208704","Sun Jun 10 20:51:45 +0000 2012","0","Lewis Hamilton Kuasai GP Kanada: Ferrari gigit jari karena salah strategi. http://t.co/sThYk8aT","211923628395208704","","","in","+62","0","0","0","https://x.com/yosua_bogir/status/211923628395208704","95386038","yosua_bogir"
"248571518785814528","Wed Sep 19 23:57:22 +0000 2012","0","#f1 #bbcf1 #skyf1 Ferrari in for Lewis Hamilton http://t.co/vE5JBbfS","248571518785814528","","","in","UK","0","0","0","https://x.com/thejudge13/status/248571518785814528","47948672","thejudge13"
"228012004869296128","Wed Jul 25 06:21:12 +0000 2012","0","RACE WINNER FERNANDO ALONSO FERRARI Lewis Hamilton Malaysia 2012 2012 Formula 1 Malaysian Grand Pr http://t.co/C2ZWG9fG","228012004869296128","","","in","","0","0","0","https://x.com/VIPsAccess/status/228012004869296128","200374794","VIPsAccess"
"245809038414184449","Wed Sep 12 09:00:16 +0000 2012","0","Italian Grand Prix: 1st Lewis Hamilton McLaren-Mercedes 2nd Sergio Perez Sauber-Ferrari... http://t.co/LXZGFvOt","245809038414184449","","","in","uk","0","0","0","https://x.com/MercedesOwners/status/245809038414184449","82342664","MercedesOwners"
"184572526578515968","Tue Mar 27 09:28:14 +0000 2012","0","Malaysian F1 Results: 1st: Fernando Alonso - Ferrari 2nd:Sergio Perez - Sauber 3rd: Lewis Hamilton - McLaren... http://t.co/PCVoskCx","184572526578515968","","","in","uk","0","0","0","https://x.com/MercedesOwners/status/184572526578515968","82342664","MercedesOwners"
"245184041354162176","Mon Sep 10 15:36:45 +0000 2012","0","Hamilton Disoraki Fans Ferrari: Lewis Hamilton mencoba untuk berbicara dengan bahasa Italia di atas podium sete... http://t.co/I9DS95oO","245184041354162176","","","in","Your moms house","0","0","0","https://x.com/KweekSckope/status/245184041354162176","56724288","KweekSckope"
"208367728543805440","Fri Jun 01 01:21:52 +0000 2012","0","Hamilton: Ferrari Akan Terus Kompetitif: Lewis Hamilton mewaspadai potensi yang dimiliki Ferrari di kompetisi Fo... http://t.co/xgrMbkAy","208367728543805440","","","in","Tangerang - Indonesia ","0","0","0","https://x.com/RIANDSHARE/status/208367728543805440","169946520","RIANDSHARE"
"208367708583116801","Fri Jun 01 01:21:47 +0000 2012","0","Hamilton: Ferrari Akan Terus Kompetitif: Lewis Hamilton mewaspadai potensi yang dimiliki Ferrari ... http://t.co/bMqeZ92n My Arvanmation","208367708583116801","","","in","","0","0","0","https://x.com/bangdulls/status/208367708583116801","192844774","bangdulls"
"28597331662","Sun Oct 24 13:59:27 +0000 2010","0","FORMULA 1 KOREAN GRAND PRIX 2010 | Race Results 1. Fernando Alonso - Ferrari 2. Lewis Hamilton - McLaren Mercedes 3. Felipe Massa - Ferrari","28597331662","","","in","Adma, Lebanon","0","0","0","https://x.com/LBCILebanon/status/28597331662","187535580","LBCILebanon"
"943843285405696","Sat Nov 06 16:13:24 +0000 2010","0","2010 #F1 KOREAN GRAND PRIX RESULTS P1 Fernando Alonso/Ferrari P2 Lewis Hamilton/McLaren P3 Felipe Massa/Ferrari #F110MWX #MWX #Formula1","943843285405696","","","in","BCN GRZ LTN BUD LGG YYZ","0","0","1","https://x.com/F1racing/status/943843285405696","9288972","F1racing"
"84251113901129728","Fri Jun 24 13:26:45 +0000 2011","0","#2010 Sebastian #Vettel - #RedBull - #Renault. #2009 Lewis #Hamilton - #McLaren - #Mercedes. #2008 Felipe #Massa - #Ferrari","84251113901129728","","","in","Caracas - Venezuela","0","0","0","https://x.com/mi_formula/status/84251113901129728","235277496","mi_formula"
"58287104660226048","Wed Apr 13 21:55:03 +0000 2011","0","2010 Jenson #Button #McLaren 2009 Sebastian #Vettel #RedBull 2008 Lewis #Hamilton #McLaren 2007 Kimi #Räikkönen #Ferrari","58287104660226048","","","in","Caracas - Venezuela","0","0","0","https://x.com/mi_formula/status/58287104660226048","235277496","mi_formula"
"17157090924","Sun Jun 27 10:59:57 +0000 2010","0","2010 #F1 CANADIAN GRAND PRIX RESULTS P1 Lewis Hamilton/McLaren P2 Jenson Button/McLaren P3 Fernando Alonso/Ferrari #F110YUL #YUL #Formula1","17157090924","","","in","BCN GRZ LTN BUD LGG YYZ","0","0","0","https://x.com/F1racing/status/17157090924","9288972","F1racing"
"10469674602","Sun Mar 14 13:46:29 +0000 2010","0","Formula One BAHRAIN : 1. Fernando Alonso Ferrari 2. Felipe Massa Ferrari 3. Lewis Hamilton McLaren Mercedes","10469674602","","","in","","0","0","0","https://x.com/abipluse/status/10469674602","43310150","abipluse"
"24379964624","Mon Sep 13 12:58:37 +0000 2010","0","Btw insiden Lewis ditabrak Massa kemaren diusut ga sih??? Klo Ferrari aja slalu bebas dr tuduhan NOT FAIR!!!","24379964624","","","in","Medan","0","0","0","https://x.com/PutriBakri/status/24379964624","44085164","PutriBakri"
"112929236410564608","Sun Sep 11 16:43:22 +0000 2011","0","1 Sebastian Vettel	RBR-Renault 2 Jenson Button	McLaren-Mercedes 3 Fernando Alonso	Ferrari 4 Lewis Hamilton	McLaren-Mercedes 5 Micha...","112929236410564608","","","in","","0","0","0","https://x.com/Woodyinho007/status/112929236410564608","54141300","Woodyinho007"
"121354877094998016","Tue Oct 04 22:43:52 +0000 2011","0","Ferrari deny bid to destroy Lewis Hamilton http://t.co/Y1qotPgU","121354877094998016","","","in","Brazil","0","0","0","https://x.com/LewisHamiltonBR/status/121354877094998016","207667492","LewisHamiltonBR"
"99134377493151744","Thu Aug 04 15:07:32 +0000 2011","0","[Blog] http://bit.ly/ozSj8A Lewis Hamilton mund te kaloj tek Ferrari? #shqiperia","99134377493151744","","","in","Neverland","0","0","0","https://x.com/arberGalt/status/99134377493151744","42278198","arberGalt"
"22351326906","Sat Aug 28 13:05:14 +0000 2010","0","hujan lagi yg deres please biar front row g ad ferrari n lewis hamilton.please.-cross finger-","22351326906","","","in","Jakarta, Indonesia","0","0","0","https://x.com/mr_spectre_2811/status/22351326906","41088369","mr_spectre_2811"
"29362804432","Mon Nov 01 11:27:34 +0000 2010","0","Latest Issue: Lewis Hamilton: Aku Tidak Butuh Ferrari: Setia pada tim McLaren http://bit.ly/ddAzCb","29362804432","","","in","Palmerah, Jakarta","0","0","1","https://x.com/HaiMagazine/status/29362804432","32358893","HaiMagazine"
"24186083553","Sat Sep 11 11:08:26 +0000 2010","0","Hamilton Dibuntuti Vettel dan Ferrari: Lewis Hamilton menjadi yang tercepat pada latihan terakhir GP Italia Sabtu... http://bit.ly/aqHIPD","24186083553","","","in","Jakarta, Indonesia 🇮🇩","0","0","0","https://x.com/theMiniNino/status/24186083553","46596112","theMiniNino"
"135733012615794689","Sun Nov 13 14:57:26 +0000 2011","0","#f1 2011 Abu Dhabi GP Results 1 Lewis Hamilton	McLaren 1:37:11.886 2 Fernando Alonso	Ferrari 3 Jenson... http://t.co/OgWTWnEL","135733012615794689","","","in","Montréal, Québec","0","0","0","https://x.com/GPTravelerMedia/status/135733012615794689","203161338","GPTravelerMedia"
"970267054","Wed Oct 22 10:04:26 +0000 2008","0","Felipe Massa or Lewis Hamilton? Ferrari or McLaren-Mercedes?","970267054","","","in","","0","0","0","https://x.com/titanas/status/970267054","10454562","titanas"
"99006162275532800","Thu Aug 04 06:38:03 +0000 2011","0","tribun:: Lewis Hamilton Buka Peluang Hijrah ke Ferrari: Lewis Hamilton selalu bertarung dengan McLaren Marcedes.... http://bit.ly/p9kn7s","99006162275532800","","","in","Indonesia","0","0","0","https://x.com/aan_media/status/99006162275532800","90832506","aan_media"
"98725244591800321","Wed Aug 03 12:01:47 +0000 2011","0","Berita: Hamilton Tidak Tolak Tawaran Ferrari: Pebalap tim Mclaren Lewis Hamilton menolak mengesampingkan tawara... http://bit.ly/rd5o18","98725244591800321","","","in","/bin/bash","0","0","0","https://x.com/firew4ll/status/98725244591800321","98158205","firew4ll"
"138648622","Sat Jul 07 13:19:15 +0000 2007","0","Lewmani in Britian!!! Young rookie F1 star Lewis Hamilton takes pole over Kimi Raikkonen in the Ferrari. HAM RAI ALO MAS KUB SCH KOV","138648622","","","in","USA","0","0","0","https://x.com/PodF1/status/138648622","4261221","PodF1"
"99083709663289346","Thu Aug 04 11:46:11 +0000 2011","0","Hamilton Tak Tutup Peluang Gabung Ferrari: Lewis Hamilton mendapat pertanyaan seandainya dipinang oleh Ferrari ... http://bit.ly/rpQsPg","99083709663289346","","","in","Bogor, Santiago Bernabéu","0","0","0","https://x.com/Gogelicious/status/99083709663289346","322681830","Gogelicious"
"98725220080287744","Wed Aug 03 12:01:41 +0000 2011","0","Hamilton Tidak Tolak Tawaran Ferrari: Pebalap tim Mclaren Lewis Hamilton menolak mengesampingkan tawaran untuk ... http://bit.ly/pZDIDz","98725220080287744","","","in","Bogor, Santiago Bernabéu","0","0","0","https://x.com/Gogelicious/status/98725220080287744","322681830","Gogelicious"
